AT,V,AP,RH,PE
23.29,49.3,1003.88,74.12,442.11
23.64,70.04,1011.09,83.35,435.21
21.47,50.12,1009.19,93.68,448.11
22.39,48.14,1014.56,64.31,448.58
20.01,56.65,1020.77,74.46,457.01
25.08,51.43,1011.8,71.98,446.67
20.98,42.23,1012.9,70.7,462.27
25.53,59.57,1010.65,82.04,445.59
17.98,,1018.29,83.46,455.71
6.8,39.37,Ãé ∑À∫¬ùH≈ø,73.29,487.33
5.66,35.79,1013.86,94.42,484.15
27.17,67.17,1006.76,81.59,431.73
27.3ƒÉ9,67.07,1006.17,58.2,441.45
14.85,58.59,1014.04,89.85,454.62
27.05,59.15,1012.83,56.31,441.39
32.1,69.98,1013.31,55.84,431.09
23.57,66.75,1018.06,80.19,439.71
8.03,37.8,1020.47,60.67,481.51
26.88,79.74,1006.54,93.7,434.77
12.37,46.97,1013.95,90.76,464.4
26.37,69.84,1002.71,83.51,428.6
23.11,68.3,1017.83,86.62,437.91
22.18,62.91,1012.14,68.86,449.77
12.38,41.62,1012.37,84.15,461.07
30.33,70.36,1006.72,70.31,438.47
24.6,75.23,1012.04,76.77,434.07
21.36,45.61,,83.64,456.85
10.9,,1016.66,86.2,479.45
5.52,42.85,1012.77,93.82,478.98
13.49,43.41,,57.86,461.06
32.42,65.74,1010.97,52.73,439.01
15.89,43.96,1014.02,75.24,467.35
22.42,60.08,1017.71,67.46,452.31
15.89,41.7,1018.93,82.68,463.33
21.86,64.45,1015.83,63.36,457.8
24.41,52.3,1006.28,70.33,442.62
23.41,54.42,1012.86,70.12,454.68
12.12,40.0,27.8101,84.42,462.1
27.02,71.25,1000.48,87.86,438.33
10.48,40.22,1004.81,92.16,477.78
8.01,40.46,24.9101,77,475.42
23.53,50.05,1005.63,78.4,443.71
29.01,70.32,1007.26,60.55,429.23
12.48,40.67,1011.24,61.1,475.96
10.42,41.46,1021.04,89.16,479.24
24.8,65.48,1018.56,62.05,442.02
9.38,44.77,1020.41,85.26,473.9
16.54,42.86,1014.85,78.0,465.26
14.41,40.83,1009.82,80.43,470.13
12.51,41.92,33..11,64.66,468.41
24.95,64.33,1011.34,81.05,440.97
27.35,66.05,1017.62,55.26,439.6
9.25,41.26,1020.51,91.21,473.87
6.9,44.71,1019.7,71.21,486.3
22.01,58.46,1016.26,75.99,443.75
14.22,44.99,1012.0,75.28,460.53
9.63,41.14,1027.99,87.89,469.73
10.34,41.74,1020.07,79.17,480.84
13.79,45.08,1025.02,84.36,469.55
12.38,48.04,1012.78,100.13,465.99
18.2,52.72,1025.87,54.26,463.47
33..11,71.8,1010.81,56.08,437.2
30.04,67.25,1017.65,52.84,435.17
16.97,50.9,1012.31,,463.28
24.01,65.46,1014.17,43.02,443.81
9.0,43.13,000055,81.32,481.09
12.53,42.03,1017.57,81.57,469.18
21.61,64.63,1020.86,69.73,451.02
25.14,69.13,1011.15,85.67,433.95
11.22,41.93,1023.13,69.35,480.71
23.96,65.34,1015.52,56.82,449.23
13.86,50.59,1019.2,97.22,467.23
14.48,44.06,1018.73,75.88,467.46
23.61,43.77,1011.81,56.08,444.55
21.44,51.19,1009.1,84.94,446.17
8.42,40.64,1022.35,96.38,476.29
21.28,70.32,1011.55,8ƒÉ8.05,438.7
20.78,60.84,1018.66,80.4,445.82
21.04,69.48,1011.07,89.92,439.53
,67.69,1005.06,46.16,426.64
29.1,50.05,1005.87,11..5533,438.66
18.34,65.94,1013.27,,451.29
24.35,58.49,,70.64,445.6
21.69,47.45,1007.56,77.2,447.06
13.5,44.92,1023.87,87.17,468.85
8.73,39.42,1025.63,69.87,474.44
≈ç√ñ ó…ü,74.67,1015.94,28.16,427.98
18.44,45.38,1014.3,86.02,461.99
32.16,66.25,1008.17,56.88,434.5
5.25,42.85,1013.75,89.67,477.78
9.53,40.23,1017.74,89.05,484.0
25.2,59.21,1017.54,55.53,444.16
19.√Ω32,52.9,1016.86,68.2,457.66
19.4,49.69,1012.89,75.53,455.6
25.81,66.51,1016.53,62.19,437.57
22.2,44.05,1007.34,75.13,445.32
29.23,72.99,1007.04,63.47,431.0
32.66,73.68,1014.64,40.88,425.17
12.35,40.8,1027.35,72.69,476.88
18.94,48.7,1008.5,94.83,451.38
13.74,39.35,1014.82,77.48,471.11
21.81,43.77,1011.97,64.72,453.13
9.6,41.03,1021.01,69.03,481.73
15.15,41.35,1006.3,86.16,468.64
24.31,58.62,1017.29,64.44,449.12
32.19,69.13,1000.45,48.22,425.21
10.75,45.01,1018.73,93.16,471.47
7.61,39.37,1015.84,N/A,483.74
22.77,70.32,1012.04,82.43,440.67
20.07,49.21,1012.34,56.8,454.25
,71.14,1010.65,60.38,429.21
19.82,46.63,1013.17,87.1,456.36
29.01,70.04,1010.02,57.35,430.26
15.39,42.28,1007.35,81.35,467.3
27.75,77.24,1007.48,78.37,433.57
14.28,39.39,1013.82,77.52,469.92
11.87,40.67,N/A,62.92,479.18
24.24,72.43,1008.02,86.4,436.6
30.36,74.87,1008.96,61.87,435.31
28.82,71.43,1011.51,58.58,443.68
25.01,59.54,N/A,80.93,441.3
25.64,68.08,1011.06,71.06,431.77
13.11,41.44,1015.55,74.45,471.61
21.74,60.27,1015.82,88.96,441.22
25.15,66.49,1012.71,c ¨≈ÖŒè…∞,436.0
20.54,49.15,1021.02,56.0,458.6
2244..,68.61,1010.56,64.03,447.57
28.37,63.31,1013.18,49.02,437.64
19.4,39.53,1007.96,63.38,457.17
27.0,69.34,1008.88,74.4,439.26
22.5,59.54,1007.99,93.63,445.22
9.7,37.14,1012.79,75.2,475.77
18.18,61.87,1008.64,66.28,453.1
20.25,44.78,1007.93,40.16,462.44
10.72,41.17,1019.68,60.71,479.21
21.8,65.94,1012.02,63.52,448.66
21.23,68.08,1012.82,74.57,445.41
30.3,69.51,1011.8,50.43,431.12
18.5,47.45,,83.21,450.22
23.09,73.5,1ƒ•011.4,89.76,438.56
26.21,65.12,N/A,44.31,444.44
17.34,44.06,1015.84,ƒâ74.88,458.5
14.02,44.85,1016.54,75.73,469.53
23.19,67.07,1005.67,,442.45
8.53,38.18,1017.54,N/A,480.86
19.02,44.85,1014.57,43.37,465.42
22.66,68.3,1017.73,86.92,431.27
12.65,44.34,1014.74,92.81,473.46
14.43,43.5,1021.86,83.14,466.58
22.88,50.23,1016.11,63.77,458.08
16.64,48.92,1011.55,78.76,452.56
23.47,59.22,1013.44,83.33,442.13
24.94,74.33,1014.3,75.34,435.21
11,40.22,1010.31,78.08,476.46
25.17,72.39,1001.69,90.51,432.45
27.38,70.04,1011.18,72.26,428.88
27.94,49.16,1004.22,35.46,436.75
8.18,40.02,1031.45,73.66,478.81
12.24,34.03,1018.44,69.27,474.18
26.48,66.54,1011.61,51.9,438.87
18.87,62.96,1020.55,82.87,455.22
9.48,44.68,1023.29,92.9,478.66
8.34,40.96,1023.28,89.45,483.92
26.71,66.25,N/A,79.28,435.41
17.23,41.1,1002.45,68.88,464.18
9.62,41.01,1019.43,97.99,467.34
20.08,&ŒåÀñ+Àπ,1017.99,75.74,450.98
25.56,60.32,1016.28,59.84,445.01
30.93,73.42,1010.98,56.42,432.44
14.17,,1014.94,48.62,471.08
23.55,73.18,1011.85,87.97,437.88
10.95,39.22,1015.69,62.3,474.07
26.96,65.34,1015.05,46.93,441.81
24.92,48.92,1010.11,36.53,445.56
7.49,39.81,1019.03,87.29,483.59
23.62,73.67,1007.0,90.8,438.33
15.52,41.93,1022.97,52.92,471.97
22.58,59.14,1017.2,80.91,439.78
26.36,,1013.99,6644,430.39
20.19,44.57,1009.2,72.13,454.36
31.1,71.32,1008.09,45.87,437.54
18.12,43.69,1016.91,52.95,464.68
8.31,40.46,1020.07,78.18,476.72
25.07,N/A,1012.87,33..00,438.55
9.45,41.92,1029.32,91.09,467.79
17.49,40.55,1001.73,73.15,462.37
9.24,41.4,1018.34,84.91,477.65
5.41,45.87,1008.47,97.51,479.48
32.07,67.83,1007.91,41.61,429.31
15.03,43.71,1025.07,83.25,463.12
13.13,50.59,1020.26,87.44,470.03
13.51,44.9,1019.29,77.24,464.86
26.08,76.86,1003.3,79.49,436.85
22.1,68.63,1015.19,59.05,449.54
26.01,58.41,1013.56,70.84,443.74
32.98,73.88,1006.31,47.55,440.28
22.78,58.96,1013.65,57.06,452.03
12.34,40.1,1015.77,92.26,470.92
14.44,40.8,1025.05,9ÕÅ…ø∆¥∆¥,472.95
24.04,60.77,1017.62,75.23,442.25
18.61,44.06,1016.91,75.01,452.68
5.82,40.78,1024.82,96.01,470.02
29.11,74.9,1003.31,74.01,432.43
17.88,45.87,1008.39,93.63,455.83
7.1,41.74,1022.25,91.07,484.12
24.01,65.18,1012.57,76.02,437.27
15.62,41.76,1023.82,66.17,459.72
13.61,40.71,1022.36,72.87,475.23
28.11,77.95,1009.38,72.81,432.98
26.99,62.26,1011.13,71.27,436.89
9.26,44.68,1023.22,91.44,478.82
7.19,41.39,1018.12,90.76,486.35
9.51,40.81,1015.69,82.52,475.29
17.14,58.16,1018.59,77.22,458.61
21.96,51.43,1007.28,89.96,442.87
19.75,54.2,1011.43,83.5,448.89
20.28,63.86,1016.04,74.66,447.26
26.73,68.84,1010.75,66.83,440.45
13.49,44.47,1030.18,69.15,468.46
8.62,39.66,1015.18,89.59,482.99
32.86,66.44,1010.98,44.99,429.32
26.73,49.02,1007.75,67.73,438.17
4.15,39.9,,96.68,491.22
30.72,69.13,1009.94,61.66,435.83
12.41,45ƒÜ.87,1004.78,80.02,468.14
21.62,58.59,1012.93,67.05,445.92
6.75,39.4,1011.28,90.84,483.77
23.81,73.17,N/A,86.13,438.11
20.0,39.53,1007.59,62.09,456.28
15.43,38.58,1016.58,,463.44
22.06,64.15,1021.07,68.66,451.44
16.79,44.6,1014.27,48.08,459.48
13.6,42.86,1013.37,87.52,472.27
20.78,68.28,1008.75,60.87,450.57
19.53,50.32,1009.71,94.46,449.59
27.47,66.86,1006.1,70.2,437.45
26.17,48.92,1009.87,34.43,440.09
27.5,49.3,1004.02,¬ü¬üÀß≈≠,439.77
13.91,39.35,1014.69,75.51,469.02
27.88,68.94,1007.68,75.68,435.04
13.11,42.99,000066,97.0,472.84
6.22,39.85,1012.05,86.88,443.73
11.52,40.8,1024.31,73.49,479.56
13.24,39.85,N/A,59.99,477.22
25.04,63.86,1018.92,52.79,441.6
21.24,44.3,1014.34,83.39,444.0
13.81,40.2,1013.66,88.16,464.23
11.7,25.36,1008.65,99..11,470.88
26.36,:…è»ì],1015.35,66.87,451.81
6.39,35.57,1025.53,77.23,487.69
28.37,72.86,»∞»èÕû ªÕ¨≈°,53.52,441.37
18.41,44.89,1009.75,N/A,448.88
11.98,39.35,1014.97,98.05,472.43
24.18,58.49,1011.3,77.82,445.49
21.53,52.84,1005.06,88.22,444.04
28.82,77.24,1008.35,78.93,433.69
23.13,71.25,1002.49,94.59,431.91
12.02,39.69,1006.05,84.66,470.17
21.7,70.32,1009.12,91.3,438.52
18.33,49.64,1025.36,62.57,468.14
25.85,75.08,1006.24,57.73,444.63
33.97,72.29,1008.98,44.32,432.33
22.72,50.05,1007.0,88.24,444.43
18.87,52.08,1005.25,99.19,449.61
26.55,69.45,1013.92,52.22,434.55
yƒ≥œ§ƒì=,46.93,1014.15,49.42,451.41
13.41,L√¨Œ≥Œøƒá,1015.1,79.32,471.85
19.62,52.05,1012.09,50.02,456.81
29.18,68.24,1010.04,68.04,428.52
27.87,70.79,1003.96,72.17,428.41
13.72,45.01,1014.07,77.0,464.59
16.23,43.52,1020.13,76.3,464.74
13.92,43.41,1015.12,61.64,464.76
27.59,50.05,1005.71,57.03,437.98
23.35,63.47,1011.78,84.24,437.87
22.98,51.95,1006.83,74.92,454.63
27.73,67.69,1007.47,59.42,431.72
26.18,69.84,1005.13,72.89,431.69
26.5,66.05,1017.03,61.34,440.15
27.31,65.12,1016.05,45.98,440.06
22.79,71.77,1005.75,90.91,435.53
11.02,44.58,1016.4,83.57,481.85
18.13,39.72,1002.75,58.85,455.81
17.04,,1011.81,83.14,458.1
18.2,39.63,1005.35,79.05,468.49
12.93,38.73,1006.41,89.24,471.3
15.62,40.12,1013.03,96.26,462.59
27.83,59.57,1011.22,71.05,443.85
24.13,48.98,1014.74,40.13,460.38
14.7ƒÉ9,41.04,1025.32,75.81,456.97
15.11,42.99,1007.53,85.75,466.25
17.46,62.1,1019.96,83.99,451.06
25.03,57.5,1014.96,62.23,449.48
15.01,39.52,1017.53,72.0,468.02
18.04,44.85,1015.13,48.4,463.31
29.25,69.98,1010.74,57.42,430.45
13.86,41.58,1020.69,70.74,461.56
23.61,59.39,1015.11,78.84,438.08
26.02,63.07,1010.94,53.96,446.82
15.75,39.16,1016.31,77.99,468.87
16.36,39.99,1008.91,72.48,462.5
7.41,40.71,1023.07,83.32,474.25
30.14,67.69,1006.54,57.05,426.91
24.59,60.37,1005.31,76.81,438.09
10.32,42.02,998.27,99.12,472.16
13.66,40.55,1005.46,96.02,467.7
23.75,99..77,1007.73,88.82,443.54
15.85,49.69,1015.48,88.65,464.72
25.96,63.77,1013.24,65.43,445.26
24.67,,1011.31,69.95,444.57
30.98,67.45,1015.18,45.4,433.59
16.37,36.99,1006.37,90.11,463.76
N/A,49.16,1006.04,64.54,445.18
19.95,57.25,1011.08,88.04,453.03
13.74,34.03,1018.69,67.34,470.49
31.11,69.05,ƒ°∆î«õÀè«ò,41.56,433.19
10.79,43.56,1015.15,73.01,479.64
24.39,58.41,1013.65,80.93,445.39
21.86,58.4ƒà9,1010.88,76.79,449.9
31.52,76.2,1008.31,57.35,435.31
14.12,42.99,1007.13,78.16,468.45
12.45,40.81,1025.63,66.26,474.73
28.18,71.85,1008.78,82.88,427.83
19.67,60.77,1017.33,88.13,444.87
18.27,50.16,1011.07,95.91,451.76
26.97,67.32,1014.35,55.07,439.61
O…ê«õ,39.66,1015.16,86.61,483.54
11.58,41.74,1020.41,74.09,478.06
14.51,53.82,1016.46,62.75,463.17
32.31,68.94,1006.11,71.78,431.14
37.11,68.94,1006.23,31.15,429.25
15.67,,1015.76,66.29,463.17
29.1,77.95,1010.01,71.48,431.28
16.0,43.34,1013.58,78.87,461.7
26.63,64.44,1012.66,61.19,442.0
11.84,39.28,1016.97,90.52,477.51
31.95,70.79,1003.8,55.25,426.37
11.73,40.64,1020.68,96.98,477.06
18.58,64.45,1009.68,67.57,444.28
26.47,69.51,1009.51,65.02,433.89
24.9,71.77,1006.24,85.25,427.77
25.73,66.54,1010.07,55.97,437.07
11.52,40.03,1017.56,87.87,472.31
19.51,48.78,1021.03,86.33,453.27
8.09,38.5,1012.99,67.31,484.81
21.04,74.87,1009.09,88.25,443.44
16.44,44.0,1024.48,76.51,460.33
21.71,76.86,1006.71,76.86,438.41
20.55,68.63,1012.5,67.07,453.47
9.59,38.56,1017.52,,481.05
23.01,44.05,11006666,74.95,450.67
12.24,41.62,1013.38,90.26,461.23
12.14,40.83,1010.56,78.31,474.82
11.46,39.3,1019.53,76.86,475.51
88..7722,40.02,1031.32,78.09,477.86
11.93,41.38,1021.76,57.63,473.88
21.45,66.05,1014.81,73.73,453.38
17.9,52.08,1006.41,100.09,451.94
13.04,40.69,1015.96,82.37,473.49
30.02,73.5,1010.52,44.91,429.84
10.31,38.18,1018.02,70.1,476.31
23.83,49.21,1012.93,46.79,446.23
√Ω24.27,60.37,1005.13,77.16,437.78
25.54,61.08,1013.77,69.64,448.57
10.26,39.13,1010.94,87.78,474.16
25.25,58.46,1015.54,70.76,444.05
30.55,70.04,	«ù√Ä»Æ∆ÇÀò ü,49.37,429.56
20√∏.08,54.42,1011.79,89.35,457.14
20.79,68.28,1001.42,76.77,445.83
14.7,48.6,1006.91,85.65,460.63
15.56,40.12,1013.72,89.78,461.21
10.86,44.85,1014.15,88.36,476.87
14.74,43.71,1024.35,81.53,465.49
22.21,61.5,1008.34,76.22,445.77
29.45,69.13,1009.3,52.97,432.04
24.43,72.43,1008.03,85.56,434.71
12.05,48.04,1009.14,100.13,464.14
14.87,41.23,997.39,82.06,465.01
20.29,63.09,1019.03,76.07,448.22
26.94,59.87,N/A,58.34,448.6
27.4,69.13,1001.4,82.47,426.18
6.06,41.17,1019.67,84.7,489.62
28.81,69.23,1013.14,39.18,433.74
31.2,68.24,1005.71,34.84,428.67
7.69,43.02,1014.51,85.23,486.46
10.48,41.38,1021.97,65.22,481.41
32.83,74.33,1011.44,50.42,427.36
14.88,41.66,1009.4,67.15,468.55
19.8,51.19,1008.25,91.98,446.66
23.74,62.96,1019.65,N/A,449.48
14.73,40.35,1011.15,65.2,470.03
31.98,70.17,999.43,59.42,430.92
10.3,41.79,1021.09,49.39,471.58
19.65,63.91,1009.26,99.08,444.9
7.05,43.65,1018.41,72.36,480.47
7.06,41.38,1021.94,83.55,487.71
7.64,42.28,1008.49,83.42,483.74
7.95,37.49,1009.32,80.8,479.78
13.63,43.22,1012.71,72.85,464.62
24.45,65.12,1015.92,57.19,445.01
22.8,69.23,1011.8,76.95,439.3
19.05,67.32,1013.2,83.14,447.47
N/A,75.6,1017.63,51.16,439.14
15.29,38.73,1000.9,81.17,468.62
11.82,41.17,1019.5,2œî«≥~«û,475.61
15.82,43.34,1014.52,79.07,460.4
31.94,69.98,1013.32,56.17,432.03
13.4,41.78,1010.2,64.57,466.68
27.15,73.9,1007.57,74.42,433.09
25.86,61.08,1013.51,67.5,449.67
23.49,47.45,1008.46,66.18,446.72
17.17,44.68,1018.72,83.58,462.53
26.03,64.44,1012.75,N/A,445.89
2.34,39.42,1028.47,69.68,490.34
23.05,58.86,1013.84,62.21,445.46
21.85,69.94,1010.89,79.4,443.0
7.0,35.77,1018.21,64.84,482.8
25.2,65.59,1013.0,71.34,439.14
9.98,41.01,1017.83,98.07,466.05
9.38,41.44,1015.09,86.8,481.96
24.22,49.82,1014.61,66.82,452.2
23.92,66.54,1009.93,62.37,441.9
21.11,69.94,1004.37,84.26,439.91
8.99,36.3,1027.08,73.98,478.95
31.67,69.89,1013.88,39.33,426.35
23.86,59.21,1013.02,73.6,441.22
15.01,43.56,1014.65,61.82,465.84
15.25,46.36,1019.69,,461.68
13.93,40.2,1013.41,89.86,466.47
28.31,74.33,1011.89,69.77,428.46
23.58,70.04,1010.95,76.32,435.47
10.15,41.14,1025.5,91.54,473.56
19.47,43.43,1011.66,69.93,451.38
23.02,69.94,1007.94,64.66,439.4
16.68,43.14,1018.39,76.48,459.83
12.52,40.24,1020.45,97.41,470.56
7.61,43.22,1014.8,86.92,478.55
18.63,50.16,1010.21,97.13,450.14
12.11,41.17,1019.46,62.59,475.53
14.23,46.18,93.7101,87.29,463.86
20.39,64.15,1021.31,62.35,457.37
9.28,41.38,1021.96,72.22,486.18
16.98,43.7,1015.07,53.51,464.01
19.35,39.72,1002.5,51.24,455.29
12.72,40.71,1016.02,71.57,466.99
33.74,69.98,1012.51,..,425.35
24.43,47.45,1007.68,65.18,446.45
22.34,63.73,1014.37,83.19,444.39
N/A,62.26,1011.37,89.69,443.58
25.71,66.05,1018.58,66.23,444.35
7.33,40.0,1018.96,80.76,478.16
24.28,71.98,1006.34,9ƒÄ0.45,432.47
22.31,61.45,1009.25,98.56,437.05
19.27,50.9,1011.72,83.14,455.09
14.03,49.15,1020.5,83.65,467.16
29.3,67.69,1007.17,55.5,430.72
25.78,47.93,1003.67,67.23,442.46
30.26,76.2,000044,62.1,435.04
12.08,40.24,1016.63,92.32,474.07
30.12,73.18,1012.29,61.32,429.31
8.64,41.66,1014.14,80.44,481.89
18.74,44.34,1019.4,55.16,468.84
11.54,40.05,1014.78,87.05,474.29
22.19,60.37,1008.45,N/A,440.75
6.89,43.65,1019.87,72.77,484.0
5555,41.26,1007.77,99.1,473.6
10.11,39.72,1019.1,69.68,476.8
27.69,69.71,1009.9,69.91,440.43
10.48,40.0,1021.35,88.52,478.86
11.3,25.36,1008.66,96.18,471.19
5.7,40.35,1012.18,91.57,488.8
22.62,51.3,1012.36,81.02,448.27
9.37,40.11,1024.94,75.03,471.13
28.41,75.6,1188..4488,56.07,440.28
15.79,49.15,1020.62,76.22,465.62
20.34,59.8,1015.18,80.21,453.54
29.82,66.51,1010.98,43.57,439.17
25.42,73.21,1001.91,93.78,432.04
9.66,41.06,1021.21,84.7,482.2
7.29,441144,1024.06,89.19,474.71
31.44,64.44,1014.04,49.15,437.6
17.14,41.66,1010.97,57.66,463.38
34.14,74.34,1000.19,43.56,434.23
12.58,43.67,1014.36,91.72,473.02
9.√ë19,42.44,1014.38,94.24,481.55
16.17,41.79,1005.78,78.8,454.72
8.57,40.23,1017.53,90.46,484.17
23.99,45.87,1007.63,52.62,443.66
10.27,38.38,1022.16,70.77,475.58
28.85,71.32,1009.09,76.9,435.13
3.99,39.64,1011.53,83.58,492.06
17.ƒÄ19,58.86,1016.74,85.97,451.87
24.14,59.87,1018.47,57.76,444.04
12.67,41.16,1016.92,92.8,462.35
31.74,79.74,1007.07,61.47,431.72
21.3,48.92,1010.92,65.09,447.89
26.75,60.96,1012.05,56.77,447.93
12.32,41.26,1022.42,79.74,470.27
25.87,57.32,1012.06,44.13,442.87
N/A,,1008.63,84.11,448.98
18.42,63.94,1020.47,74.47,450.55
35.2,33..,1006.56,45.72,434.37
29.63,69.71,100≈ú9.04,67.26,435.27
14.17,39.59,1010.99,94.08,464.17
28.25,66.54,1011.02,43.77,439.67
11.28,40.55,1006.23,97.78,475.14
24.32,71.14,1011.71,71.65,435.34
27.27,72.24,1010.69,78.09,432.35
23.64,58.49,1011.4,74.2,445.75
26.49,61.86,1012.55,74.24,440.21
13.46,,1012.76,72.94,472.5
30.8,69.14,1007.68,63.78,433.62
14.64,44.92,1025.54,91.12,462.64
22.07,70.72,1010.52,82.96,442.88
24.82,72.99,1007.81,84.72,435.68
13.99,,1023.83,77.92,472.55
18.4,40.79,1006.18,92.36,461.29
10.4,45.01,1018.58,93.48,470.79
14.14,43.34,1017.1,81.77,464.36
26.94,66.48,1005.46,60.62,440.12
13.78,45.51,1015.56,69.92,468.17
16.19,36.99,1007.37,92.4,462.94
9.78,33,1022.25,69.64,477.22
10.02,42.44,1014.57,99.16,478.5
10.15,41.62,Ã£«ã≈°≈óœß,97.4,463.89
27.78,60.07,1014.66,53.74,439.43
22.97,62.4,1010.25,75.18,445.3
18.9,62.96,1020.69,80.57,455.88
15.03,42.44,1014.25,94.52,464.91
14.78,N/A,1016.96,68.53,463.75
15.14,37.85,1010.33,84.3,468.31
8.87,41.82,1033.3,74.28,477.97
22.3,67.25,1017.33,75.85,453.27
12.65,41.93,1023.07,65.05,479.53
21.12,62.52,1015.62,78.98,450.93
20.95,70.72,1009.96,87.73,445.66
30.51,59.57,1011.08,61.94,436.92
11.77,40.92,1021.85,81.55,467.31
24.6,57.85,1012.92,69.56,447.09
6√è.92,43.13,1018.26,89.23,486.36
27.04,48.41,1008.57,60.73,441.21
12.53,43.56,1014.8,74.05,469.23
26.19,65.61,1014.51,54.52,443.73
11.91,41.49,1019.69,96.39,470.07
26.2,60.07,1014.75,59.41,440.89
28.15,72.24,1010.88,62.39,431.75
4.97,40.64,1020.91,94.28,485.43
√±10.02,52.75,1021.93,73.68,473.09
12.84,40.8,1026.95,69.86,475.59
32.35,77.95,1014.76,60.88,432.72
31.16,67.45,1014.69,32.25,428.35
26.59,59.92,1009.97,70.09,438.22
8.73,41.92,1029.41,89.72,480.99
21.95,59.43,1010.29,74.67,442.84
22.03,64.69,1007.21,75.75,440.92
13.24,39.16,1016.52,86.66,474.48
N/A,41.2,1016.81,81.22,474.96
7.36,40.07,1017.29,52.55,489.45
15.5,44.92,1024.16,86.44,462.12
15.25,39.58,1012.1,73.05,466.21
23.48,72.99,1009.61,88.16,437.1
26.31,68.51,1013.26,68.66,435.91
,41.2,1015.96,81.97,469.85
≈∑ŒΩ≈òÕΩ,66..0066,,73.47,446.64
31.07,70.98,1007.24,72.03,432.96
27.01,52.3,1007.78,N/A,439.51
13.69,41.74,1021.19,60.86,471.84
10.38,40.92,1021.53,95.18,466.46
23.68,49.02,1007.53,86.05,440.68
29.04,60.07,1015.42,46.15,440.43
13.52,41.44,1015.81,65.97,472.11
6.63,39.42,1024.81,72.58,482.02
11.95,41.58,1015.83,89.35,464.57
28.43,68.08,1011.32,58.19,433.05
31.92,68.3,1015.58,N/A,430.07
18.87,55..00,1012.02,53.46,458.64
14.51,44.84,1023.23,,465.09
5.62,41.31,1001.37,89.16,485.6
21.71,60.77,1017.95,85.07,444.59
5.49,40.81,1014.43,90.41,487.36
ƒÉ15.78,43.99,,83.7,461.07
20.35,67.45,1015.14,69.22,447.64
21.36,59.54,1007.99,92.62,446.09
18.31,42.23,1012.88,79.32,464.45
21.29,59.04,1012.49,84.23,445.37
15.14,44.21,1019.97,83.86,463.1
9.44,40.0,1015.62,N/A,471.32
20.78,62.52,1017.58,73.3,452.3
16.48,41.35,,89.07,465.64
12.95,41.23,993.74,96.35,469.05
24.39,51.86,1014.92,59.98,447.7
13.33,40.64,1020.92,91.47,474.07
27.14,63.13,1013.38,75.68,438.82
23.24,45.01,1012.21,45.23,457.01
5.85,41.55,1001.95,99.41,484.47
26.09,49.3,1003.79,66.19,439.82
7.2,40.02,1031.71,98.96,480.53
22.02,69.45,1013.84,P«´œê»£,440.26
10.05,40.71,1015.51,84.21,471.68
14.28,43.02,,N/A,467.83
31.01,74.16,1010.89,56.52,434.64
16.7,46.18,NƒΩƒ¨»¢Œ™∆¶,96.15,455.93
30.24,67.32,1014.07,46.53,437.18
24.31,65.94,1011.5,61.61,442.69
11.36,40.75,1016.34,85.19,477.5
10.28,39.61,1020.43,69.09,478.34
27.82,79.74,1008.37,69.46,436.48
26.52,43.77,1011.49,46.98,440.31
18.9,47.83,1005.31,77.79,455.94
12.66,N/A,1012.49,95.96,472.44
25.0,59.43,1007.84,68.91,438.28
28.71,51.43,1006.4,64.79,440.17
6.25,39.48,`ƒ†≈Ωƒ∑,52.71,484.26
8.51,34.69,1026.96,75.34,481.83
27.52,74.67,1015.77,72.01,433.56
9.27,36.3,1026.93,72.13,479.66
14.5,41.76,1023.94,84ƒÄ.42,464.23
9.84,40.72,1022.21,77.79,477.52
23.72,58.62,1016.65,69.1,447.49
11.02,41.26,1020.69,92.13,471.93
8.57,39.69,1000.91,99.9,474.29
26.96,69.45,1013.89,51.47,436.69
6.57,43.65,1018.24,74.47,481.46
17.01,50.9,1013.23,82.03,460.14
19.8,67.71,1005.58,69.65,446.03
5.15,35.19,1018.63,93.94,488.42
17.35,52.72,1026.31,58.01,463.65
20.69,50.78,1008.71,91.95,447.58
18.89,66.86,1012.38,71.96,454.02
28.22,51.43,1006.06,63.72,438.43
..66,38.58,1016.04,m¬∫ƒÄ«¨,462.54
27.71,75.23,1010.21,59.75,440.7
5.89,40.07,1018.99,63.13,493.9
21.46,51.61,1010.91,76.41,457.28
30.58,65.18,1011.61,37.43,437.17
14.27,41.48,1014.83,62.7,458.19
27.82,52.84,1006.23,52.18,440.31
26.03,69.68,1011.61,60.75,449.54
31.68,74.16,1011.3,55.94,434.61
27.82,59.15,1012.74,42.78,442.0
26.35,64.05,1009.81,81.24,433.63
12.85,41.14,1027.04,86.29,464.86
,41.4,1027.64,86.22,473.94
21.12,63.91,1009.33,96.14,447.64
24.67,61.5,1009.06,72.77,437.37
17.31,58.49,,92.77,456.84
12.51,43.67,1013.24,91.55,471.96
24.84,56.89,1012.15,67.24,440.36
18.56,67.71,N/A,85.28,444.9
10.23,41.46,1018.89,83.06,479.48
5.48,40.07,1019.63,65.62,495.76
10.87,42.02,1002.08,95.22,472.63
19.61,56.53, ÆŒ™∆∏«â√∞…Å,77.13,454.22
9.27,38.56,1017.69,62.49,475.42
25.87,59.43,1008.34,65.83,440.26
13.15,42.44,1014.51,99.53,469.34
16.78,37.2,1011.97,68.94,471.24
29.95,73.42,1011.44,66.32,432.81
12.59,39.18,1024.18,67.57,471.32
22.89,48.98,1014.55,48.21,448.56
10.35,N/A,1013.33,94.78,477.14
18.49,41.1,1001.9,59.99,460.76
22.51,59.21,1018.35,71.97,444.66
23.81,,1016.96,70.16,438.32
8.49,36.25,1029.7,84.41,480.35
17.98,56.85,1012.28,84.52,448.71
35.03,68.27,1006.55,43.82,426.22
10.39,40.96,11002233..11,84.73,479.0
20.71,58.18,1007.63,98.44,447.06
18.43,57.76,1016.13,87.34,452.65
25.64,70.72,1010.16,84.0,441.68
25.32,..77,1014.55,74.69,441.5
24.54,65.46,1014.27,40.77,446.26
22.72,62.4,1010.28,80.79,445.22
13.01,41.49,1019.82,92.86,466.5
25.82,69.68,1012.69,89.94,439.58
12.29,42.18,1016.53,83.13,468.75
26.38,71.58,1011.02,80.9,434.26
15.0,41.35,1006.6,86.95,467.71
26.17,48.6,1002.59,61.41,439.86
21.39,N/A,1013.39,89.05,452.7
18.78,54.2,1012.05,89.25,448.04
9.83,41.17,1019.34,,478.21
18.68,62.1,1019.78,83.67,453.25
24.3,69.94,1007.02,62.14,438.92
6.05,42.85,1013.09,91.88,485.02
25.21,65.34,1013.94,65.04,446.68
30.34,75.08,1005.32,52.97,437.26
14.65,35.4,1016.16,60.26,469.61
24.65,64.63,1020.52,53.45,446.04
13.96,40.83,1009.89,84.86,469.86
19.94,61.87,1009.7,66.6,445.97
9.32,36.3,1027.9,77.02,478.55
25.69,73.18,1012.64,86.35,432.82
18.4,43.96,1012.4,77.81,464.63
9.34,41.49,N/A,97.59,471.04
22.36,58.79,1016.69,73.6,445.76
25.7,69.45,1013.86,56.91,437.04
11.39,43.72,1010.91,98.83,467.8
16.6,41.93,1022.01,48.98,467.51
23.4,72.99,1009.48,88.82,438.51
7.82,38.91,1015.58,90.11,479.15
15.52,42.86,1015.09,83.48,467.12
10.56,Q †≈Æ∆•,1010.19,87.12,463.14
18.82,61.27,1019.5,72.23,455.29
23.74,49.5,1013.2,49.51,463.4
22.59,59.43,1005.85,84.02,442.0
6.79,40.0,1019.01,81.83,480.83
h«ß«ß¬ç>,74.99,1005.41,85.75,433.63
24.63,59.57,1010.45,85.36,440.67
14.87,38.28,1014.65,80.24,467.29
16.49,41.93,,44.98,467.48
25.32,61.25,1011.56,80.1,436.67
19.7,54.42,1011.83,89.ƒç86,450.48
N/A,69.14,1007.16,80.38,436.37
,#ÃíÀ±¬Æ»∫,1008.09,85.85,471.82
5.75,42.07,1004.24,78.23,485.23
12.24,44.9,1020.31,82.22,464.25
19.72,51.19,1008.51,N/A,446.01
10.01,40.78,1023.71,88.11,470.82
6.07,38.91,1019.25,83.39,483.56
21.64,44.05,1007.73,74.79,447.96
17.12,49.5,1014.79,87.03,463.39
31.24,72.39,999.47,68.17,430.7
4.93,35.19,,92.94,486.39
26.12,75.6,1017.41,72.31,439.68
14.64,45.0,1021.78,41.25,475.98
21.7,64.69,1007.93,78.37,448.76
30.03,70.02,1010.07,64.2,436.88
14.74,43.99,1023.13,86.31,461.82
21.93,60.84,1018.96,76.8,440.76
26.06,49.02,1007.59,74.08,437.9
28.18,67.17,1006.84,75.55,438.49
7.38,44.71,1020.27,70.55,486.91
8.48,38.5,1013.5,66.51,485.29
10.07,41.39,1019.89,70.53,480.54
23.88,67.9,1005.99,67.58,446.34
26.97,64.45,1009.43,C»∑ŒÑR,443.75
27.85,66.44,1008.48,77.15,429.0
7.28,39.81,1017.61,87.56,483.0
29.25,78.87,1012.05,84.28,430.49
20.82,52.84,1004.13,79.42,449.59
14.18,42.99,7799,73.21,468.35
13.96,39.54,1011.05,85.72,468.82
18.93,44.06,…åx¬™ÕúÃä«Ø,68.23,454.75
28.62,63.77,1012.82,55.77,441.97
27.56,66.93,1016.81,55.59,444.1
24.58,71.94,1006.85,89.02,433.99
29.15,69.48,1008.68,55.78,430.54
25.64,47.01,1014.81,62.29,454.48
..66,39.28,1014.04,,470.41
8.91,43.52,1022.78,98.0,478.38
15.9,41.35,1006.28,..,464.03
18.95,65.48,1018.17,71.85,452.85
18.ƒÖ77,39.54,1009.39,63.35,458.58
12.06,52.72,1024.53,80.05,467.21
24.73,69.05,1003.25,66.44,437.93
20.13,40.33,1005.31,85.42,460.09
22.0,59.54,1004.55,95.25,439.37
20.86,67.25,1017.45,81.45,444.5
26.33,60.06,1005.86,41.57,450.16
12.58,6677,1012.86,94.01,472.65
N/A,44.68,1023.53,91.38,474.7
28.25,57.19,11007799,67.9,436.99
6.87,39.85,1012.66,83.34,486.26
28.46,69.75,1009.46,79.75,435.75
23.75,68.51,1013.21,N/A,441.61
26.05,65.27,1013.69,56.46,440.75
24.27,74.93,1012.73,73.81,443.06
24.24,71.58,1010.15,91.14,437.75
31.99,53.53,1004.98,53.53,432.43
23.14,60.27,1018.51,80.54,442.59
23.25,71.29,1008.05,71.36,442.21
9.79,39.69,1002.36,93.86,471.61
20.63,43.77,1010.71,62.34,448.25
9.54,41.17,1019.79,65.61,481.18
29.97,73.06,1009.41,78.26,430.37
15.93,52.75,1024.57,58.71,457.92
18.41,65.94,1010.23,84.71,452.66
16.17,46.97,1014.22,85.8,456.08
24.2,50.78,1008.74,59.32,443.09
9.06,39.66,1019.64,76.98,479.53
14.16,N/A,1018.92,76.ƒÇ34,464.91
34.29,68.51,1009.58,32.25,427.62
20.92,,1020.49,72.98,449.09
4√ë.78,42.85,1013.39,93.36,481.47
17.3,47.45,√äÀ£¬¥ É á,87.13,448.79
27.77,63.87,1017.97,38.77,444.06
26.45,71.37,1008.0,77.06,438.36
15.28,44.58,1016.45,83.07,467.92
27.84,72.39,1001.18,83.46,432.19
20.06,56.53,1020.38,75.16,455.99
9.77,34.69,1027.72,74.98,477.51
19.28,65.46,1013.77,64.24,448.91
20.64,49.21,1014.86,58.47,454.2
19.87,49.69,1012.23,68.57,456.03
15.64,44.21,1020.17,83.28,462.42
25.83,70.47,1006.24,81.83,434.45
30.75,71.22,1006.47,48.06,437.96
20.06,47.03,1013.66,83.23,461.02
7.97,38.5,1013.84,72.36,487.19
19.76,62.1,1020.07,73.55,450.44
13.89,44.84,1023.66,92.97,466.74
30.2,73.67,1006.31,62.14,428.72
17.78,50.66,1015.09,91.9,456.11
18.48,N/A,115566,85.14,452.52
26.22,N/A,1013.7,44.04,440.17
25.68,68.27,1008.05,68.48,434.89
13.98,40.71,1022.72,71.83,474.46
12.14,45.0,1023.9,89.2,476.6
22.31,43.43,1010.64,56.44,449.67
29.22,73.18,1012.22,64.91,430.57
27.62,71.14,1011.6,52.8,434.72
28.68,70.72,1009.43,,435.45
33.34,69.88,1007.65,42.72,437.84
,68.3,1015.26,44.12,431.79
15.08,42.77,1018.43,73.19,461.68
23.78,69.71,1008.79,83.17,443.06
5.81,35.79,1012.14,92.28,484.41
31.91,67.83,1008.76,53.22,425.28
20.77,56.85,1012.4,83.63,442.85
14.75,40.66,R…ç¬¥ÕÆŒú â,81.65,463.83
26.58,59.39,10≈°14.49,65.87,439.46
7.31,42.18,1014.75,86.75,477.38
25.44,65.06,1013.82,77,440.09
29.56,74.22,1007.45,57.46,432.84
14.09,45.87,1009.05,,465.6
30.21,75.33,1002.24,66.ƒÇ71,431.46
15.74,43.71,1024.7,78.38,462.66
20.14,46.93,1014.66,64.22,453.99
21.9,57.76,1017.45,66.89,449.95
27.11,66.49,1013.71,39.28,435.79
19.89,69.48,1011.06,86.73,447.63
23.19,58.82,1009.96,81.05,446.44
8.83,41.14,1025.37,94.36,474.51
19.0,58.95,1018.05,83.38,451.96
14.54,43.14,1010.26,82.98,465.45
32.41,58.9,1003.26,45.33,439.11
8.25,43.14,1011.3,N/A,479.95
26.98,70.94,1007.99,68.16,434.73
5.42,41.38,1020.77,86.02,491.38
10.23,42.32,1017.53,8ƒã9.93,473.59
32.2,69.68,ƒú«£«ø«•ƒπ,42.47,437.35
20.91,59.14,1017.25,74.7,442.67
80.9,40.46,1019.48,77.37,476.81
24.42,64.79,1016.12,69.32,449.1
,44.63,1020.72,89.51,467.41
9.19,41.01,1022.14,98.98,468.37
19.13,59.21,1018.32,89.66,450.81
26.59,66.49,1013.32,49.76,439.72
28.09,65.27,1013.27,51.96,440.0
19.69,56.65,1020.86,73.41,455.32
27.38,69.4,1004.57,74.12,434.47
30.07,69.82,1010.39,57.53,437.38
12.69,40.71,1021.62,80.19,477.14
27.32,76.09,1007.77,74.64,443.13
13.82,40.2,1013.19,90.11,466.99
24.66,48.78,1018.39,71.79,449.11
13.31,40.1,1014.81,N/A,468.74
14.09,41.66,1009.25,71.4,469.93
30.44,48.86,1010.97,5533,438.31
6.64,..0044,1018.84,74.94,481.53
28.98,62.66,1009.1,52.62,438.45
25.99,N/A,1007.78,74.48,441.32
25.14,60.37,1006.63,77.17,438.39
26.62,65.12,1016.0,43.24,441.22
31.37,74.87,1009.22,56.58,436.16
22.64,63.73,1013.88,84.22,447.21
9.14,42.44,1014.48,92.03,481.46
9.87,42.74,1024.61,87.74,470.9
23.62,49.21,1014.1,49.54,443.53
11.96,43.41,1017.42,79.44,469.34
10.36,43.67,1012.16,77.04,478.27
24.17,59.44,1012.66,35.87,447.13
18.13,60.1,1009.67,84.75,455.82
8.0,\ ºƒñ∆ù√ì,1018.98,78.67,487.17
21.11,74.78,1009.71,84.35,442.68
21.87,69.45,,71.19,439.97
22.86,47.43,1009.75,61.54,452.53
29.56,73.88,1005.77,66.45,436.6
21.33,60.1,1010.97,78.36,451.95
11.23,39.72,1018.46,60.62,475.04
26.27,71.98,1005.72,86.15,427.65
3300,59.43,1010.23,,442.99
10.59,41.54,1019.94,72.52,478.74
20.6,..55,1013.32,91.07,443.76
23.82,60.32,1016.61,75.29,445.0
23.34,63.73,1012.1,79.11,443.68
25.22,71.85,1009.78,68.96,438.71
12.74,39.13,1008.19,94.81,468.57
27.53,»ÑÃÉœëœÑ,1009.4,53.73,429.05
28.55,69.84,1003.38,67.26,432.7
7.55,41.04,1027.03,83.32,476.58
14.56,N/A,1009.52,91.14,451.95
26.17,66.54,1002.23,75.6,433.81
11.98,44.58,54.6101,78.8,477.56
26.38,65.12,1016.1,47.57,441.07
9.39,N/A,1021.6,50.09,473.73
20.68,68.61,1122,84.81,446.33
32.17,73.21,1001.43,69.86,430.64
24.96,60.27,1018.68,69.97,442.67
15.24,45.87,1009.46,85.95,456.33
32.0,71.85,1008.44,53.59,427.95
17.75,49.25,1020.86,63.67,454.41
6.4,39.9,1007.75,86.55,486.03
25.88,61.47,1007.93,68.71,445.65
19.04,43.43,1009.25,68.74,453.32
16.38,46.97,1013.6,73.67,459.87
20.6,66.86,1013.08,62.48,451.44
12.31,41.06,1021.19,74.38,475.76
17.48,40.89,1011.39,62.45,462.59
14.02,44.47,1028.02,68.97,465.93
9.07,36.3,1015.26,56.81,479.98
28.14,61.47,1009.69,64.66,435.35
23.55,65.9ƒÜ4,1011.76,58.44,443.98
29.75,73.5,1011.13,67.31,433.63
24.86,63.47,1011.5,71.78,441.68
31.26,76.09,1006.66,63.91,430.36
25.8,44.57,1008.0,52.56,450.48
34.96,68.94,1006.17,59.26,431.48
20.97,47.43,1007.64,71.18,448.22
13.92,41.16,N/A,83.89,454.15
5.72,39.33,∆º¬¥ÃπÃæÀé«è,N/A,490.76
10.91,39.61,1018.44,64.38,469.42
27.44,58.9,1003.86,66.74,442.19
34.3,74.67,1015.98,25.89,427.84
F∆è«üÃâ,40.55,1002.27,73.42,462.13
26.35,49.5,1012.67,41.34,458.41
25.07,56.85,,51.99,442.44
12.42,40.24,1016.59,90.01,469.59
14.57,44.84,1023.46,87.2,464.58
27.44,74.9,1003.85,76.65,436.42
11.85,42.07,1017.92,93.45,467.25
19.7,43.79,1015.93,47.39,464.41
21.28,44.05,1005.69,83.2,444.56
26.43,58.41,1013.57,64.67,444.74
24.52,56.85,1012.59,54.47,438.89
28.68,73.77,1004.72,87.01,431.66
16.53,53.29,1018.64,87.47,463.32
¬ãƒ§∆ï∆∂,71.29,1008.57,41.79,430.8
14.84,38.91,1013.78,69.27,467.83
8.3,36.3,1015.97,60.62,480.58
24.38,57.17,1009.85,74.46,444.59
23.91,67.69,1≈°008.28,66.71,439.84
28.68,61.86,1011.78,62.67,440.57
13.16,54.3,1017.33,82.43,468.4
27.18,61.41,1012.17,46.11,449.7
26.64,58.69,1007.99,75.68,439.32
6611,63.21,1012.31,76.44,441.23
21.93,62.91,1013.45,74.62,449.17
23.63,60.37,1005.0,81.66,440.74
20.94,68.12,1012.43,78.2,446.41
88..33,43.13,1020.02,83.11,484.07
18.22,45.09,1013.62,75.56,454.74
29.56,51.43,1005.87,59.22,437.93
18.07,63.31,1016.65,72.81,456.5
16.3,38.73,1001.79,73.45,465.7
5.37,40.07,1012.75,63.58,494.21
12.39,44.58,101≈°6.38,84.95,475.37
26.92,63.73,1010.29,68.6,440.35
/«µ †¬£,59.39,1014.07,84.15,445.41
16.71,42.99,1007.72,75.35,465.09
13.87,42.99,1007.45,81.52,471.12
18.74,59.21,1018.3,91.55,449.77
15.64,38.28,1014.39,76.93,466.51
6.67,36.08,1022.31,83.51,486.52
10.03,43.13,1014.85,70.09,482.16
6.82,N/A,1022.12,87.63,489.64
19.69,56.65,1020.86,70.02,454.87
9.97,41.26,1020.6,91.14,475.43
25.42,75.6,1017.39,77.63,438.24
23.54,4411..,1002.05,38.05,448.56
13.12,39.18,1023.11,64.33,471.44
17.25,43.14,1018.34,76.17,462.8
17.12,58.95,1016.74,90.41,451.67
23.82,73.67,1007.26,88.16,438.42
14.08,41.93,1023.02,59.41,475.15
13.65,44.6,1017.99,87.04,466.06
14.57,37.86,1022.44,68.82,463.58
26.31,66.48,1005.93,63.9,432.89
20.73,41.1,1001.86,47.51,456.44
29.45,,1018.12,50.68,437.31
30.21,71.32,1006.19,67.57,434.91
14.91,46.9,1019.59,98.1,461.73
10.74,40.05,1015.45,87.33,477.93
25.43,70.17,1000.46,87.84,436.43
27.51,49.3,1003.74,61.27,437.09
32.88,72.29,DÀò∆∑Õ¥√∑Àï,62.74,431.74
14.86,43.14,1019.21,99.14,461.14
19.82,63.9,1013.19,78.96,449.61
14.01,39.0,1016.73,79.23,466.7
17.76,42.42,1009.09,66.26,468.27
9.75,52.72,1026.03,78.53,473.41
11.02,41.17,1018.18,86.86,477.62
29.71,73.18,1012.35,63.06,427.04
11.15,41.26,1022.67,81.83,473.57
26.39,49.16,1005.68,56.18,442.87
16.7,36.99,1006.19,89.33,464.7
22.42,N/A,1005.5,90.62,435.06
14.78,38.58,1017.02,82.4,460.54
15.07,50.88,1014.33,100.12,464.37
11.99,49.83,1008.33,95.2,468.22
24.78,50.16,1004.56,70.22,448.51
25.65,68.08,1011.27,75.26,435.91
25.15,73.67,1007.42,85.48,435.9
18.5,41.85,1015.81,64.78,466.8
12.38,45.51,1016.15,81.37,470.46
7.93,41.01,1023.64,97.23,476.37
33.95,68.14,1002.33,48.98,427.25
24.79,N/A,1017.07,68.23,440.05
23.17,51.19,≈éƒ´¬ïŒ∞»£,76.15,441.77
16.38,55.5,1019.8,82.44,464.58
9.31,41.39,1018.3,8866..99,480.25
16.34,36.99,1006.99,0066,466.24
12.3,40.69,101≈†5.74,82.58,474.46
23.92,71.98,1006.22,92.96,433.23
15.4√π1,44.78,1007.69,65.17,456.83
20.26,51.19,1008.9,93.47,448.1
10.48,37.5,1009.81,95.26,474.57
30.12,69.71,1009.1,52.02,435.85
23.93,64.05,1013.09,86.02,440.66
15.29,41.35,1006.32,82.56,466.27
26.31,63.77,1014.15,69.36,440.1
22.46,58.33,1013.21,68.68,445.9
27.19,62.91,1011.57,53.66,444.8
25.44,69.59,1008.22,80.73,433.97
30.34,68.08,1010.85,49.4,428.34
27.92,68.3,1015.02,51.04,437.28
26.18,68.08,1012.92,55.7,436.51
11.64,41.39,1017.36,83.4,479.53
11.95,40.69,1015.62,85.34,475.4
27.58,66ƒÜ.48,1004.82,51.23,435.34
5.68,40.77,1022.49,,487.58
11.43,41.16,1022.81,92.04,466.86
N/A,59.14,1017.34,84.75,442.45
28.45,N/A,1006.18,43.16,439.86
24.87,60.37,1005.48,76.21,436.41
11.44,34.03,1018.57,74.06,476.06
13.91,40.24,1017.03,85.93,466.24
25.47,70.36,1005.79,77.73,437.02
10.51,39.04,1023.95,85.35,479.15
9944,41.58,1020.76,68.22,463.07
8.46,39.42,1025.05,69.36,474.42
11.74,43.56,1015.14,70.72,477.5
17.55,48.78,1016.81,91.27,455.11
22.65,60.93,1006.43,85.13,440.52
26.48,51.43,1006.76,74.3,438.1
10.57,41.26,1008.32,97.96,472.9
10.82,44.63,1020.64,90.26,473.23
22.02,64.45,1012.57,47.87,454.9
10.77,41.44,1016.72,75.27,479.19
24.79,50.78,1008.78,61.88,445.3
24.21,71.77,1004.52,84.96,433.42
24.49,65.06,1014.07,63.32,441.4
27.04,65.06,1013.33,52.37,439.84
24.35,,1012.2,85.88,435.66
5.51,35.57,1026.3,78.97,489.36
23.4,65.06,1014.32,67.38,442.7
28.23,62.26,1010.88,60.86,435.76
13.0,39.85,1012.57,61.56,477.71
30.31,74.16,1010.69,58.81,436.23
10.23,42.07,1017.93,91.1,475.14
25.65,49.3,»éÀò ù∆°,68.48,440.05
8.52,41.55,,86.81,483.63
8.07,41.17,1019.4,86.43,484.54
28.5,72.99,1007.02,67.13,433.24
25.61,52.36,1014.1,62.9,451.42
5.28,77,1003.82,80.84,485.24
16ƒÇ.58,41.93,1022.36,45.24,466.61
28.41,74.16,1010.29,72.09,439.2
12.89,48.14,1017.48,83.95,463.77
30.82,76.2,1007.47,59.3,432.22
12.69,40.75,1016.05,82.92,472.68
27.57,,1002.59,76.68,436.61
25.95,59.14,1016.42,67.03,438.46
7.61,41.26,1009.05,97.32,480.68
21.48,61.27,1019.29,61.43,450.88
10.84,39.18,1023.64,87.1,474.49
23.63,73.5,1011.46,89.39,438.21
24.83,62.4,1010.13,70.18,442.2
28.31,70.32,1007.88,47.0,432.5
32.5,73.68,1014.65,55.72,427.63
14.86,44.71,1018.3,49.46,466.38
22.64,70.98,1005.71,95.65,441.99
5.24,38.68,1018.03,78.65,486.67
27.4,77.24,1007.65,78.13,435.74
21.06,67.07,1004.9,84.09,446.44
15.21,35.4,1016.31,58.26,468.18
8.81,43.14,1012.46,73.99,481.56
30.04,64.44,1014.46,52.19,437.95
11.67,36.18,N/A,61.44,472.76
8.14,39.96,1023.41,88.86,477.05
28.55,74.33,1011.77,73.34,426.48
13.55,42.99,1007.58,97.55,470.82
24.05,61.87,1009.64,54.54,442.16
12.46,40.73,1017.53,93.47,464.7
13.8,40.2,1013.12,90.59,466.29
15.68,43.7,1015.09,58.96,470.29
24.31,65.34,1013.82,63.85,449.88
29.84,74.87,1009.64,61.39,435.05
17.3,46.21,1013.56,87.57,456.77
12.91,40.73,1017.66,93.66,464.61
17.1,49.69,1005.53,81.82,457.32
28.28,56.9,1006.38,64.99,445.61
33.82,73.03,1013.49,42.17,439.3
30.31,70.36,1006.55,59.92,439.11
..55,66.48,1003.71,76.0,435.62
,63.91,1009.53,79.11,446.02
27.72,69.88,1007.58,72.25,434.02
2.58,39.42,1028.68,69.03,488.69
18.11,52.08,1002.51,100.09,449.99
23.16,57.76,1017.74,63.79,451.79
16.52,53.16,1014.68,76.82,457.81
31.87,67.32,1013.65,36.69,435.47
26.19,69.34,1009.48,87.59,433.99
7.41,39.16,1015.23,90.66,486.91
23.54,70.32,1010.89,80.76,434.45
24.75,58.79,1009.87,71.97,444.79
22.78,49.16,1002.29,64.28,444.99
21.73,61.45,1010.27,N/A,442.78
13.18,40.03,1017.75,82.29,470.88
24.47,70.94,1008.07,81.55,436.29
14.98,39.58,"ÕÜ≈† ô
ƒè√ß",75.07,467.77
25.33,v…ÖÃ∂#Ãì,1009.78,77.78,435.23
21.22,43.43,1010.96,61.07,448.06
N/A,42.18,1015.05,78.25,463.3
,53.16,1013.09,82.79,456.86
28.24,65.74,1013.4,64.87,438.47
12.33,45.51,1016.49,79.2,471.16
23.14,63.94,1017.49,53.19,446.57
23.37,65.46,1016.25,48.64,447.07
28.9,71.25,1000.73,77.24,431.52
6.75,39.9,1008.3,87.42,484.05
30.8,70.94,1007.06,63.09,432.44
28.88,54.89,1007.16,46.6,440.99
32.31,77.95,1010.15,62.17,430.15
30.25,71.8,1010.87,60.4,437.28
20.3,59.8,1015.24,78.75,453.29
16.58,38.01,N/A,60.14,464.03
25.16,68.08,1010.89,70.16,435.78
15.06,41.85,1016.78,88.23,466.72
27.35,77.95,1012.14,74.14,431.72
16.33,42.44,1013.98,84.9,462.44
23.45,51.95,1005.23,76.17,449.07
0ƒ£,41.01,1021.76,97.71,469.11
12.17,40.6,1013.59,88.62,473.76
12.12,38.28,1013.7,72.19,469.59
20.98,60.1,1011.07,79.44,450.95
20.74,49.69,1010.91,69.1,454.59
21.84,59.39,1015.77,88.12,442.11
10.34,41.46,1017.75,89.73,478.03
21.08,52.05,1012.28,√æ45.25,453.4
30.74,73.67,1005.79,57.89,428.92
14.6,42.32,1015.71,77.03,464.67
6.65,38.5,1014.01,87.6,491.54
11.82,41.17,1019.5,55.74,475.61
10.74,52.75,1021.75,75.41,467.48
30.63,74.22,1007.47,4√ø6.52,430.38
22.11,59.8,1016.86,70.14,450.62
26.52,73.21,1002.3,95.38,437.02
24.37,63.47,1012.77,75.22,445.6
11.1,40.0,1021.29,86.58,477.2
24.48,66.25,1009.42,88.17,441.07
10.46,41.06,1021.41,82.34,481.47
,39.04,1019.0,68.69,485.57
8.95,43.13,11007755,94.85,479.14
11.89,40.03,1019.53,89.48,471.85
13.34,40.8,1026.56,64.85,474.47
26.65,58.41,1013.53,65.83,442.66
9.97,41.62,1013.99,96.02,464.86
8.3,36.08,1020.63,80.42,481.6
16.0,42.86,1013.88,81.74,467.5
18.6,60.1,1009.91,87.13,453.94
22.67,68.08,1013.0,66.59,443.79
24.14,60.07,1016.56,58.08,440.17
20.34,¬ò«®ŒæÃ°√∂,1013.16,79.08,453.62
26.12,75.6,1017.41,72.31,439.68
22.08,69.94,1008.41,72.86,441.57
10.29,40.0,1021.46,90.6,479.58
23.45,70.04,1010.99,79.2,436.46
16.22,46.36,1020.04,91.73,460.73
28.08,73.42,71.2101,62.74,434.0
12.88,42.74,1026.25,74.54,470.89
14.56,45.51,1015.39,69.84,469.79
6.8,37.8,1021.09,70.02,485.96
22.22,66.05,1016.15,80.58,442.95
8.53,40.02,1031.27,85.57,476.73
27.16,47.43,1009.17,45.79,442.85
16.4,44.9,1009.22,82.31,456.11
13.4,40.89,1010.67,91.66,472.36
10.62,39.96,1025.37,96.64,470.8
21.61,49.39,1019.41,78.2,449.26
22.19,48.78,1017.84,76.01,446.51
15.31,41.35,1005.09,95.25,466.5
6.33,39.33,1012.06,93.16,492.22
10.79,39.82,1012.89,88.25,479.92
9.42,41.4,1029.21,86.4,474.75
19.45,41.1,1001.88,52.16,458.26
14.17,41.67,1013.4,72.77,471.42
33.13,74.34,999.57,48.34,433.73
0044,39.61,1020.23,73.39,477.41
34.61,73.03,1013.61,36.91,438.56
25.21,63.21,1012.24,85.14,441.04
7.98,39.61,1018.57,77.04,479.78
22.59,8…á ¥≈∂J,1005.11,92.62,436.69
7.89,39.37,1016.28,84.66,483.82
20.65,57.5,1016.04,87.45,448.22
22.07,48.41,1008.71,81.29,444.01
16.5ƒÇ8,45.87,1009.66,97.59,457.8
7.0,41.55,1001.43,97.12,483.92
18.26,59.15,1012.04,86.01,451.09
22.05,59.92,1009.06,93.74,437.9
21.11,58.12,10≈†15.38,77.78,453.28
19.09,65.94,1012.53,81.06,446.34
25.98,60.95,1014.5,48.01,442.9
21.96,48.6,1004.87,76.27,446.56
22.98,58.46,1016.06,72.69,445.05
25.87,44.57,1007.43,55.92,445.79
12.36,40.56,1022.11,72.99,474.71
14.18,40.69,1014.73,74.88,471.52
11.41,41.54,1019.94,66.49,477.89
30.65,71.06,1008.61,76.76,432.08
31.71,69.04,1008.79,49.32,441.15
10.57,37.73,1024.36,70.29,474.65
10.09,41.01,1019.89,96.55,471.15
16.14,44.71,1014.83,39.41,468.88
24.27,60.23,1011.84,77.8,438.99
14.89,39.82,1013.23,82.49,470.19
31.59,43.5,1005.12,43.5,429.96
21.91,58.62,1015.95,72.87,450.23
6.43,39.61,1017.51,83.8,480.58
26.1,63.56,1013.12,61.0,442.75
30.98,,1009.96,58.92,439.39
12.23,41.58,1018.76,87.66,464.45
N/A,40.69,1015.09,91.31,476.67
18.94,47.83,1005.18,N/A,455.19
11.18,37.5,1013.32,74.32,472.02
20.19,;Ãû»ß√ä…Ç,1012.97,64.7,454.84
14.69,35.71,1015.78,57.34,467.39
18.94,46.93,1010.22,75.45,441.41
31.63,4Ãö¬Ç ≤≈Æ,1008.66,61.81,436.89
12.04,,1013.08,82.45,472.13
24.26,68.14,1005.09,59.49,438.79
11.23,41.17,1019.36,56.85,475.85
24.37,68.14,1005.22,59.27,440.22
24.23,58.79,1009.8,75.75,444.01
8.24,39.61,1017.99,78.42,477.9
28.86,67.9,1006.29,57.19,432.97
15.78,41.48,1015.55,52.17,454.25
10.15,41.17,1019.38,82.3,480.71
11.87,44.6,1018.81,84.68,468.47
22.84,67.32,1013.77,64.67,438.36
26.31,48.6,1002.64,60.04,440.06
26.62,76.2,1006.06,69.13,437.81
27.92,63.07,1010.75,45.26,442.87
28.07,66.17,1010.58,64.11,443.77
13.7,34.03,N/A,69.07,470.2
8.27,40.69,1020.13,86.1,484.97
12.88,44.34,1016.03,88.51,474.94
8.77,40.77,1011.54,89.58,480.56
10.07,40.92,1021.84,84.18,471.71
29.92,69.75,1009.12,67.15,441.5
27.37,71.06,1008.4,87.52,432.14
25.21,59.21,1013.19,62.85,438.7
24.66,69.94,1006.56,60.91,432.68
10.93,39.16,1016.54,90.56,479.83
14.84,41.48,1017.26,63.42,460.3
10.63,39.61,1020.0,72.42,476.99
10.66,37.5,1009.42,95.86,472.86
20.76,69.05,1001.89,77.86,442.82
26.75,43.21,1012.29,87.28,430.45
27.46,66.54,1002.39,67.09,431.81
29.55,72.29,1007.94,84.45,430.98
29.17,72.99,1006.86,64.92,430.59
18.48,46.48,1007.53,82.57,461.49
22.11,59.8,1016.74,73.9,453.45
16.52,42.24,1017.51,67.65,469.13
29.59,70.17,999.71,71.0,434.85
18.06,41.34,1013.95,62.21,461.27
25.5,68.08,1011.13,72.86,436.07
29.98,67.22,1014.22,52.69,445.3
30.18,65.74,1012.63,47.74,441.65
19.95,58.46,1017.45,89.46,447.1
19.61,56.65,,63.74,457.41
15.17,36.71,1013.5,77.44,471.93
17.99,50.16,1009.98,100.09,451.38
>√§Àø»¨≈∫,44.6,1018.59,86.71,470.02
11.62,43.48,1016.66,`I»†ƒÜŒë,468.37
26.1,62.91,1012.44,60.91,446.05
17.36,43.96,1013.02,79.59,466.36
13.46,41.4,1019.46,71.73,467.4
16.57,43.7,1015.67,71.95,465.78
√Ü15.2,40.55,1005.0,88.4,465.09
22.12,63.91,≈Ø»∞≈¥SG,90.83,447.77
9.95,41.82,1033.09,69.44,477.52
15.9,39.99,1007.03,78.49,465.5
24.1,71.29,1007.96,67.56,442.8
14.35,46.18,1016.63,87ƒä.76,461.74
28.41,75.6,1018.48,5ƒÄ6.07,440.28
Àái≈¥«üÀ±√ó,83.54,452.01,,
27.44,59.74,1010.99,56.42,452.0
24.11,59.27,1011.02,78.18,444.35
28.18,60.07,1016.34,49.13,441.61
20.11,42.04,1010.79,60.31,464.13
12.74,41.38,1021.92,56.67,475.63
¬∑ƒÉÀâÃ©,63.9,1013.16,53.19,451.44
26.12,68.51,≈ô1013.06,68.96,433.11
28.26,72.43,1006.68,72.3,426.2
30.68,71.8,1010.81,61.4,435.4
10.01,41.17,1018.78,86.84,479.4
24.58,48.98,1014.96,38.75,459.79
13.61,42.34,1017.57,91.35,465.65
27.52,67.9,1005.65,59.52,439.01
15.92,37.64,1014.93,83.73,464.14
;«°Qƒñ,45.01,1016.14,75.74,456.85
21.89,45.38,1014.42,68.95,459.45
20.94,58.16,1016.88,65.43,455.16
5.65,40.72,1022.46,85.17,487.09
30.06,;…è ï≈ó#,1017.63,53.59,435.02
27.57,69.84,1004.91,68.37,426.6
21.85,63.86,1020.16,68.84,445.62
14.78,42.86,1015.32,,471.17
10.16,39.3,1019.71,81.21,480.74
2√à6.2,71.14,1007.92,,431.7
N/A,69.59,1009.13,82.15,437.29
13.49,44.63,1019.12,70.02,471.08
18.0,43.7,1015.4,61.28,464.26
26.1,58.9,1004.18,71.63,444.4
23.23,63.31,1012.52,75.1,441.5
7.4,40.72,1022.56,87.67,484.29
8.85,41.06,1020.99,86.05,486.4
6.11,38.68,1017.53,79.23,482.97
20.55,63.86,,73.98,447.54
18.97,43.43,1012.72,75.69,453.2
18.18,67.71,1004.5,N/A,449.24
10.48,41.93,1017.17,92.81,480.01
6.76,37.49,1011.66,80.91,484.85
8.94,41.38,1021.5,79.45,479.95
7.17,41.92,1031.97,83.86,485.08
6.4,41.17,1019.54,85.37,488.82
27.88,70.79,1005.06,72.5,429.62
19.06,56.65,1020.82,82.14,455.7
24.43,67.25,1017.99,74.27,436.5
21.18,70.02,1010.27,96.46,442.51
25.31,99..8822,1014.62,62.15,453.05
24.23,56.89,11001122..22,68.04,441.29
10.05,41.17,1018.98,83.71,481.38
28.37,71.64,1007.39,71.06,434.91
26.28,73.06,1008.06,90.7,437.01
25.91,75.6,1018.23,N/A,443.2
14.47,48.14,1017.28,87.36,457.45
25.95,69.51,1009.36,≈í…ö√àƒÖ,434.38
12.54,,1017.26,83.59,470.04
15.35,41.79,1008.38,81.13,455.54
24.14,41.1,1002.1,38.49,450.13
18.06,56.65,1020.2,81.59,459.14
25.14,64.63,1020.63,54.0,446.63
15.5,39.16,1016.24,78.13,469.52
15.67,48.78,1013.76,88.92,462.96
24.73,71.14,1009.07,68.87,437.55
13.95,38.73,1003.87,83.94,468.21
22.12,49.3ƒá9,1019.8,72.83,451.0
28.44,67.07,1006.08,50.42,433.15
23.65,71.98,1006.09,,434.11
4.73,41.31,999.77,93.44,486.6
26.12,66.75,1017.86,79.02,433.67
13.56,40.8,1024.8,63.6,475.89
12.15,45.01,1018.89,90.02,468.07
34.66,74.33,1012.0,32.19,425.89
N/A,45.01,1012.24,73.86,454.06
14.85,40.8,1025.38,53.29,471.78
10.62,39.64,1010.51,68.55,478.37
29.76,73.56,1008.07,84.85,432.51
19.55,56.53,1020.2,78.1,455.56
14.24,39.58,1011.17,70.45,469.94
15.37,50.59,1019.02,98.2,463.35
22.33,71.94,1011.06,82.85,441.85
10.38,43.02,,78.53,474.44
22.96,45.01,1012.21,50.81,450.37
12.53,44.03,1007.21,84.2,470.04
9.77,39.04,1023.73,76.06,483.87
19.89,44.9,1008.12,67.3,453.09
24.56,60.27,1017.63,74.5,440.31
19.08,44.63,1020.14,43.36,459.81
23.76,74.22,1009.2,92.98,437.47
19.98,56.53,1020.22,73.53,454.89
30.74,69.59,1008.69,68.04,437.81
21.76,47.93,1005.34,86.28,444.77
8.75,40.22,1008.96,90.53,482.8
21.39,52.3,1009.52,88.67,447.77
30.24,68.24,1009.68,64.67,426.25
23.04,74.99,1005.44,92.86,437.65
19.6,60.95,1015.4,84.26,456.06
29.43,66.75,1017.63,42.72,434.6
28.8,71.77,1006.41,66.03,426.87
20.88,59.8,1015.66,75.34,453.18
11.22,40.22,1011.01,81.67,476.7
20.76,70.72,1009.73,89.04,448.85
30.6,72.29,1010.54,41.52,441.5
19.9,56.53,1020.52,78.05,456.48
19.11,60.29,1017.1,76.62,454.16
17.44,44.88,1018.05,68.35,465.72
26.26,65.06,1013.58,/≈Æ∆™»ó√Å,440.92
22.95,67.79,1009.89,91.69,442.19
24.82,74.87,1010.28,73.54,434.46
21.55,44.05,1005.69,84.05,443.48
12.02,41.92,1030.1,84.45,465.82
8.86,40.8,1028.18,91.0,483.36
29.01,64.79,1017.62,44.31,442.12
26.61,72.43,1007.71,75.82,427.61
26.84,70.36,1007.41,71.47,442.17
12.21,44.34,1017.98,86.17,475.06
24.84,59.22,1013.18,83.08,442.7
15.75,39.0,1015.91,69.58,460.73
31.7,70.36,1006.26,58.18,438.38
17.34,46.48,1007.18,83.15,452.06
14.0,41.78,1010.96,48.37,465.62
9.16,42.44,1014.43,93.67,480.98
31.46,71.8,1010.75, ≈ç√•Q«â,434.96
8.49,39.61,00..,87.74,483.94
26.93,62.44,1011.02,70.05,435.11
15.57,38.78,1013.51,95.3ƒá8,463.47
22.3,57.19,1006.4,75.28,445.1
16.0,44.9,1020.5,80.89,461.5
11.53,41.14,1025.63,88.54,469.04
22.22,59.14,1017.32,83.41,442.31
29.66,59.22,1013.25,61.2,441.58
9.0,36.3,1027.11,75.89,480.31
14.87,41.76,1022.26,78.21,464.84
9.59,38.56,1017.01,60.1,481.3
20.61,63.86,1015.43,73.86,446.34
23.1,70.79,1006.53,90.81,434.58
2288,50.05,1005.55,82.36,442.56
22.95,63.94,1013.87,80.37,447.13
20.03,62.26,1012.15,Z≈ñ ö¬µÃÄ,447.4
14.14,39.59,1010.84,96.02,465.23
28.86,73.67,1006.65,68.23,431.15
13.97,45.01,1017.44,89.15,461.96
16.47,44.89,1010.04,82.01,459.69
118844,50.59,1020.08,88.08,470.96
27.71,54.2,1012.72,47.25,440.74
24.19,68.94,1007.37,∆ÖÀ¢∆î√ü,439.52
23.55,62.96,1020.16,70.16,447.65
21.65,58.18,1008.33,95.28,441.05
12.55,39.58,86.0101,76.9,472.31
17.48,44.2,1018.89,61.51,457.15
12.43,41.62,1011.87,75.08,460.61
,50.59,1017.75,73.35,456.01
26.12,63.31,1013.97,51.6,439.77
27.24,69.13,1009.28,70.85,432.36
17.35,47.83,1006.71,80.57,453.96
22.84,71.25,1001.9,96.45,433.85
22.92,60.37,1007.05,89.94,438.86
29.97,69.14,1007.92,66.74,433.82
33..66,34.03,1018.45,65.76,469.12
14.29,46.18,1017.01,87.29,464.73
8.76,41.82,1033.29,76.5,480.08
31.85,73.91,1003.6,60.22,431.26
16.82,45.0,1022.05,37.28,468.22
10.62,39.64,1010.65,62.15,477.07
22.87,71.29,1008.1,73.1,442.27
33.75,64.96,1002.54,39.28,432.62
30.95,73.06,1008.86,74.86,431.77
27.28,72.58,1009.21,89.96,431.27
22.75,558866,1016.0,67.34,448.32
29.74,70.32,1008.1,52.72,432.69
31.93,70.4,1005.27,7ƒÄ3.71,432.29
13.94,38.47,1015.03,53.9,466.54
22.78,59.92,1011.28,88.78,440.87
14.03,41.79,1008.07,83.32,457.98
23.46,72.43,1008.0,N/A,435.36
22.36,58.79,1011.77,87.51,446.49
13.89,43.7,1015.12,64.99,470.88
18.99,56.65,1020.46,77.16,457.55
15.0,40.66,1016.28,89.62,456.63
31.32,74.33,1012.92,36.48,429.57
11.44,41.39,1019.59,79.95,478.52
A…π»Ñ√í æ,41.16,1009≈•.58,86.96,468.14
12.99,44.0,1025.22,90.27,470.93
N/A,56.53,1020.29,77.75,455.25
24.99,58.79,1016.37,67.16,439.2
16.69,46.18,1011.0,97.85,458.57
12.41,39.28,1017.08,87.02,473.86
24.2,60.77,1016.92,71.65,439.13
23.05,65.94,1010.99,69.73,442.39
24.45,68.63,1013.38,45.35,446.33
27.06,61.41,1011.99,45.23,452.85
26.92,67.25,1017.74,61.68,434.05
10.63,37.5,1008.93,98.14,474.81
N/A,38.68,1017.46,66.13,483.5
34.15,68.51,1010.75,37.02,430.19
20.21,59.14,1016.0,70.38,448.79
26.78,66.54,1010.14,49.01,440.0
22.19,70.√∑02,1011.03,82.49,444.85
31.3,70.79,000044..,54.37,428.75
9.47,41.4,1026.21,89.08,480.79
9.52,40.96,1023.48,86.49,483.59
26.11,52.36,1013.9,59.62,453.76
14.22,48.6,1006.26,88.05,459.69
21.75,59.8,1016.65,72.94,453.17
13.38,40.12,1013.92,96.96,468.15
12.27,43.8,1023.21,57.0,468.55
19.09,43.14,1012.34,45.75,463.3
22.56,66.48,1003.82,77.46,437.73
31.01,69.13,1000.93,62.96,425.69
6.26,41.31,1002.04,87.54,485.57
12.49,38.25,1012.61,83.32,470.63
26.04,71.14,N/A,68.95,433.78
28.18,77.54,1011.99,74.72,430.55
22.54,51.95,1007.29,79.28,447.29
13.18,40.83,1007.67,95.44,472.36
24.96,70.47,1007.73,76.48,438.23
14.51,49.83,1006.27,91.65,460.45
5.21,35.79,1011.5,95.08,484.03
25.36,74.99,1002.21,65.96,440.25
18.78,63.09,1019.22,,452.86
13.06,44.2,1018.95,85.68,469.02
26.28,68.14,1005.61,53.17,435.71
33.87,71.32,1007.91,39.48,435.89
24.93,69.05,1001.02,85.14,429.53
16.73,45.0,1023.44,60.68,467.08
18.15,41.23,993.82,662211,456.32
14.38,44.84,1024.59,81.68,471.6
13.55,43.48,1016.08,67.25,464.33
22.51,66.49,1014.59,63.03,453.08
8.64,39.69,1001.57,98.27,473.55
12.67,42.86,1014.06,89.9,473.13
26.72,56.9,1007.12,58.54,435.16
26.√ç7,70.32,1011.04,86.41,438.46
29.53,72.39,998.47,76.05,431.69
24.11,,1017.33,79.16,432.62
6.34,40.64,1020.62,94.39,478.78
11.8,40.66,1017.13,9√ê7.2,464.43
13.33,38.47,1015.42,58.27,466.26
23.56,67.79,1010.14,89.72,441.29
26.75,58.33,1013.55,45.47,444.09
13.89,41.49,1020.02,86.47,469.6
12.88,43.8,1023.19,59.18,468.19
11.02,40.0,1015.75,74.83,468.09
24.6,63.94,1012.87,80.28,439.63
10.32,42.28,1008.82,75.66,481.09
15.18,43.67,1011.59,92.58,467.74
21.02,61.5,1008.52,77.74,448.08
16.26,44.89,1010.48,86.57,456.86
26.56,49.02,1007.65,70.78,438.82
20.33,57.76,1016.47,75.35,450.25
31.12,67.69,1005.3,50.46,425.21
12.28,41.49,1019.73,94.79,467.44
N/A,57.85,1012.81,63.48,445.1
25.21,59.21,1017.37,55.06,445.33
5.62,41.38,1020.91,86.21,490.83
14.79,46.48,1007.46,92.4,462.55
11.75,42.32,1015.28,77.25,470.44
9.46,42.28,1008.67,78.16,481.95
14.59,41.23,¬Ö êÕµƒû…ÜÕ®,86.66,466.83
21.99,57.5,1015.87,80.72,446.96
22.9,67.25,1017.74,74.53,438.62
24.75,69.45,1013.97,53.49,438.28
 ∑ ¶X»°,58.62,1016.15,74.59,450.05
21.79,61.45,1011.11,91.78,446.99
19.47,58.79,1016.8,87.26,450.17
20.73,69.94,1009.9,82.12,445.91
22.75,58.79,1011.44,84.47,445.67
7.09,39.37,«å≈πÕãÀöÕΩÃ∑,73.26,487.0
6.25,40.07,1020.19,65.24,494.39
10.05,41.58,1021.35,95.19,469.03
19.22,65.06,1015.05,82.5,446.98
15.79,58.86,1015.85,91.91,455.15
16.71,40.55,1004.45,81.64,464.13
29.83,..9988,1004.32,67.55,426.98
6.98,40.35,1011.92,94.72,484.19
24.96,77.54,1008.25,ÀäÀª≈∏,433.4
23.81,60.08,1017.29,62.66,450.33
22.42,62.52,1016.83,63.27,451.64
6.67,39.37,1020.31,73.56,488.13
30.47,70.83,1010.91,46.94,444.39
20.61,60.1,1010.84,80.57,450.46
10.8,40.22,1011.25,84.57,478.21
17.33,,1013.77,82.77,459.78
22.06,45.61,1014.3,77.75,455.61
15.51,36.71,1014.05,72.92,465.85
24.7,58.46,1015.58,68.64,439.7
20.94,44.89,1009.64,75.14,450.71
29.92,557799,1008.62,4√è5.8,438.99
23.87,50.39,1012.96,76.05,452.59
15.91,38.62,1016.2,666633,462.25
24.38,47.01,1015.17,68.96,454.85
28.62,79.74,1008.12,65.39,436.12
28.9,68.12,1011.87,46.56,438.53
31.07,64.96,1005.2,58.93,428.63
9.44,39.82,1013.26,91.55,483.18
25.56,50.05,1005.67,69.29,442.49
5.99,97.53,1011.56,91.69,484.82
18.42,58.95,1016.95,86.77,452.1
29.85,61.85,1005.45,61.85,436.46
14.28,42.77,1020.06,,466.75
20.68,63.86,1015.73,74.36,447.84
32.16,71.32,1005.5,60.23,434.01
22.48,67.45,1014.77,63.9,445.55
25.98,73.18,1012.28,85.78,439.73
