frequency,angle,chord_length,velocity,thickness,sound_pressure_level
800.0,7.3,0.2286,31.7,0.0132672,123.209
1250.0,15.4,0.0508,39.6,0.0282593,126.743
400.0,2.0,0.2286,71.3,0.00293031,125.116
315.0,9.9,0.1524,31.7,0.0252785,128.809
3150.0,4.8,0.0254,55.5,0.000873218,132.35399999999998
1000.0,4.0,0.2286,55.5,0.0042861999999999996,132.134
4000.0,3.0,0.3048,55.5,0.00452492,118.689
2000.0,0.0,0.2286,71.3,0.00214345,128.244
800.0,4.0,0.2286,55.5,0.0042861999999999996,131.864
500.0,8.4,0.0508,39.6,0.00566229,122.905
630.0,9.5,0.0254,39.6,0.00449821,126.514
8000.0,2.7,0.1524,39.6,0.00294804,116.65899999999999
12500.0,0.0,0.2286,71.3,0.00214345,117.624
2500.0,0.0,0.3048,31.7,0.00331266,120.755
630.0,2.0,0.2286,39.6,0.00346574,127.417
10000.0,0.0,0.1524,39.6,0.00193287,115.413
1600.0,9.5,0.0254,55.5,0.0043284,133.062
2000.0,12.3,0.1016,39.6,0.0408268,114.085
3150.0,12.3,0.1016,31.7,0.0418756,110.307
315.0,0.0,0.2286,39.6,0.00253511,121.055
315.0,12.3,0.1016,31.7,0.0418756,124.71700000000001
400.0,4.0,0.2286,31.7,0.00509068,126.149
5000.0,4.0,0.3048,39.6,0.00579636,113.73299999999999
315.0,19.7,0.0508,39.6,0.036483999999999996,129.864
500.0,12.3,0.1016,39.6,0.0408268,122.205
630.0,9.5,0.0254,31.7,0.00461377,129.006
2500.0,3.0,0.3048,71.3,0.00425727,124.024
200.0,7.3,0.2286,31.7,0.0132672,128.679
8000.0,0.0,0.2286,71.3,0.00214345,118.024
1600.0,0.0,0.1016,71.3,0.00121072,131.725
1250.0,4.0,0.3048,71.3,0.00497773,129.395
6300.0,2.0,0.2286,39.6,0.00346574,116.417
3150.0,4.0,0.2286,31.7,0.00509068,120.229
10000.0,4.0,0.3048,71.3,0.00497773,110.905
800.0,9.5,0.0254,55.5,0.0043284,128.082
630.0,3.0,0.3048,71.3,0.00425727,129.35399999999998
10000.0,2.7,0.1524,71.3,0.00243851,116.72399999999999
200.0,17.4,0.0254,39.6,0.0172206,114.044
1250.0,5.4,0.1524,55.5,0.00433288,130.77700000000002
1250.0,9.9,0.1524,39.6,0.0233328,120.555
1000.0,3.0,0.3048,39.6,0.00495741,128.312
5000.0,4.0,0.2286,31.7,0.00509068,115.969
250.0,15.4,0.0508,39.6,0.0282593,122.89299999999999
4000.0,5.4,0.1524,71.3,0.00401199,121.431
3150.0,2.0,0.2286,39.6,0.00346574,121.62700000000001
2500.0,12.7,0.0254,71.3,0.012180799999999999,134.058
500.0,15.4,0.0508,71.3,0.0264269,127.285
800.0,15.4,0.0508,71.3,0.0264269,131.515
4000.0,4.0,0.3048,71.3,0.00497773,119.535
800.0,8.9,0.1016,71.3,0.0103088,137.813
2000.0,5.4,0.1524,71.3,0.00401199,131.111
4000.0,3.3,0.1016,31.7,0.00251435,124.852
400.0,4.0,0.3048,71.3,0.00497773,129.575
1000.0,9.9,0.1524,55.5,0.0208438,124.665
2000.0,12.6,0.1524,39.6,0.058411300000000006,109.52
8000.0,1.5,0.3048,71.3,0.00336729,115.37200000000001
250.0,15.4,0.0508,31.7,0.028985300000000002,121.225
1600.0,0.0,0.3048,39.6,0.00310138,124.04899999999999
10000.0,3.3,0.1016,71.3,0.00202822,116.694
1600.0,2.0,0.2286,39.6,0.00346574,125.837
800.0,9.9,0.1524,71.3,0.019300099999999997,128.879
2500.0,4.0,0.2286,71.3,0.00400603,124.338
400.0,22.2,0.0254,39.6,0.022902799999999997,123.416
630.0,7.3,0.2286,39.6,0.0123481,128.929
5000.0,0.0,0.2286,71.3,0.00214345,124.304
250.0,15.4,0.0508,55.5,0.0271925,124.17
5000.0,15.6,0.1016,39.6,0.0528487,106.22399999999999
1600.0,4.0,0.2286,55.5,0.0042861999999999996,128.264
2500.0,3.0,0.3048,55.5,0.00452492,122.439
8000.0,22.2,0.0254,71.3,0.0214178,121.65700000000001
250.0,9.9,0.1524,39.6,0.0233328,128.335
8000.0,0.0,0.3048,31.7,0.00331266,110.515
8000.0,4.0,0.2286,71.3,0.00400603,112.848
2000.0,0.0,0.0508,31.7,0.000812164,133.01
1600.0,0.0,0.1524,31.7,0.00209405,130.817
5000.0,4.8,0.0254,39.6,0.000907475,135.42600000000002
2500.0,4.0,0.2286,39.6,0.00473801,119.649
3150.0,19.7,0.0508,71.3,0.034118300000000004,116.225
630.0,12.3,0.1016,39.6,0.0408268,121.315
5000.0,12.3,0.1016,39.6,0.0408268,108.625
1600.0,0.0,0.1524,55.5,0.00172668,130.183
1600.0,19.7,0.0508,71.3,0.034118300000000004,120.575
12500.0,4.8,0.0254,55.5,0.000873218,125.094
1000.0,9.5,0.0254,39.6,0.00449821,130.374
1600.0,7.3,0.2286,55.5,0.011170600000000001,123.354
5000.0,3.3,0.1016,71.3,0.00202822,127.054
6300.0,12.6,0.1524,71.3,0.0483159,107.28399999999999
6300.0,8.9,0.1016,71.3,0.0103088,117.25299999999999
500.0,12.7,0.0254,39.6,0.013025299999999998,127.12700000000001
400.0,12.3,0.1016,55.5,0.0368233,136.414
1250.0,5.4,0.1524,71.3,0.00401199,134.111
800.0,9.9,0.1524,39.6,0.0233328,126.345
800.0,12.3,0.1016,55.5,0.0368233,125.11399999999999
4000.0,3.0,0.3048,39.6,0.00495741,116.792
4000.0,0.0,0.1524,71.3,0.0015988,128.857
5000.0,12.7,0.0254,71.3,0.012180799999999999,128.97799999999998
5000.0,0.0,0.0254,55.5,0.00041229,135.803
1000.0,9.5,0.0254,31.7,0.00461377,131.346
4000.0,0.0,0.0508,55.5,0.00076193,134.946
630.0,3.3,0.1016,55.5,0.002211,126.59899999999999
4000.0,8.9,0.1016,71.3,0.0103088,120.243
5000.0,0.0,0.3048,39.6,0.00310138,117.789
200.0,15.4,0.0508,31.7,0.028985300000000002,119.975
10000.0,0.0,0.0508,39.6,0.000791822,125.99799999999999
315.0,4.0,0.2286,39.6,0.00473801,122.229
2500.0,8.4,0.0508,39.6,0.00566229,127.465
3150.0,17.4,0.0254,31.7,0.017663099999999998,123.46600000000001
1000.0,0.0,0.0508,31.7,0.000812164,126.78
1000.0,15.4,0.0508,39.6,0.0282593,127.89299999999999
500.0,15.4,0.0508,39.6,0.0282593,125.963
630.0,9.5,0.0254,55.5,0.0043284,125.45200000000001
250.0,0.0,0.3048,31.7,0.00331266,118.595
1000.0,4.0,0.2286,31.7,0.00509068,129.869
500.0,0.0,0.2286,39.6,0.00253511,126.195
630.0,3.0,0.3048,31.7,0.00529514,128.69799999999998
10000.0,3.3,0.1016,55.5,0.002211,115.65899999999999
2500.0,8.4,0.0508,31.7,0.00580776,125.57600000000001
2000.0,3.0,0.3048,55.5,0.00452492,123.069
1600.0,5.3,0.2286,39.6,0.00614329,123.081
800.0,15.4,0.0508,39.6,0.0282593,128.423
1000.0,6.7,0.1016,55.5,0.0052139,137.233
2500.0,5.4,0.1524,71.3,0.00401199,127.59100000000001
1000.0,0.0,0.1016,55.5,0.00131983,129.8
500.0,12.3,0.1016,71.3,0.033779199999999995,140.158
630.0,4.8,0.0254,31.7,0.0009307889999999999,120.07799999999999
8000.0,0.0,0.1016,31.7,0.00150092,120.193
400.0,4.0,0.2286,39.6,0.00473801,123.87899999999999
315.0,0.0,0.2286,55.5,0.00229336,119.54
400.0,9.9,0.1524,71.3,0.019300099999999997,135.079
5000.0,17.4,0.0254,55.5,0.016570599999999998,118.941
800.0,0.0,0.1016,71.3,0.00121072,126.805
1600.0,6.7,0.1016,39.6,0.00578076,127.375
6300.0,0.0,0.3048,55.5,0.00283081,117.976
500.0,8.4,0.0508,55.5,0.00544854,123.742
4000.0,0.0,0.1524,39.6,0.00193287,125.34299999999999
800.0,6.7,0.1016,39.6,0.00578076,134.625
1000.0,17.4,0.0254,31.7,0.017663099999999998,131.796
4000.0,4.8,0.0254,71.3,0.000848633,134.928
315.0,4.0,0.3048,71.3,0.00497773,128.175
6300.0,12.7,0.0254,71.3,0.012180799999999999,125.398
315.0,6.7,0.1016,31.7,0.00592927,126.266
315.0,1.5,0.3048,39.6,0.00392107,121.851
5000.0,2.7,0.1524,39.6,0.00294804,121.499
500.0,8.9,0.1016,39.6,0.012459600000000001,133.79
1000.0,0.0,0.0254,31.7,0.000439472,125.12700000000001
2500.0,0.0,0.3048,71.3,0.00266337,125.571
630.0,4.0,0.2286,39.6,0.00473801,129.579
1000.0,19.7,0.0508,71.3,0.034118300000000004,121.885
630.0,0.0,0.2286,55.5,0.00229336,126.16
500.0,9.9,0.1524,31.7,0.0252785,127.179
315.0,15.6,0.1016,71.3,0.0437259,133.808
1000.0,9.9,0.1524,71.3,0.019300099999999997,126.34899999999999
500.0,9.9,0.1524,55.5,0.0208438,127.815
4000.0,8.4,0.0508,71.3,0.00529514,126.926
6300.0,3.3,0.1016,39.6,0.00245138,120.851
6300.0,12.3,0.1016,31.7,0.0418756,107.26700000000001
3150.0,0.0,0.1524,39.6,0.00193287,125.603
2000.0,6.7,0.1016,31.7,0.00592927,120.446
3150.0,3.0,0.3048,39.6,0.00495741,118.92200000000001
3150.0,5.4,0.1524,39.6,0.00485029,119.137
1250.0,0.0,0.1524,31.7,0.00209405,131.467
200.0,11.2,0.0508,71.3,0.014072,125.941
630.0,17.4,0.0254,31.7,0.017663099999999998,136.886
6300.0,9.5,0.0254,55.5,0.0043284,124.22200000000001
1600.0,3.3,0.1016,71.3,0.00202822,133.664
3150.0,3.0,0.3048,55.5,0.00452492,120.189
10000.0,0.0,0.1524,55.5,0.00172668,119.25299999999999
5000.0,0.0,0.0508,31.7,0.000812164,133.23
500.0,0.0,0.1524,31.7,0.00209405,121.617
1000.0,0.0,0.3048,55.5,0.00283081,126.96600000000001
200.0,9.9,0.1524,55.5,0.0208438,131.955
4000.0,7.3,0.2286,31.7,0.0132672,112.639
10000.0,12.7,0.0254,71.3,0.012180799999999999,114.41799999999999
400.0,4.0,0.2286,55.5,0.0042861999999999996,123.274
800.0,0.0,0.0508,55.5,0.00076193,124.336
800.0,9.9,0.1524,31.7,0.0252785,125.539
10000.0,0.0,0.1016,55.5,0.00131983,121.93
2500.0,1.5,0.3048,39.6,0.00392107,120.98100000000001
2000.0,1.5,0.3048,39.6,0.00392107,122.101
2500.0,4.8,0.0254,39.6,0.000907475,131.236
2500.0,12.3,0.1016,71.3,0.033779199999999995,121.318
1600.0,8.4,0.0508,39.6,0.00566229,130.965
630.0,0.0,0.2286,39.6,0.00253511,128.705
630.0,5.3,0.2286,39.6,0.00614329,132.011
8000.0,17.4,0.0254,71.3,0.016104,115.46600000000001
1000.0,15.4,0.0508,55.5,0.0271925,130.4
5000.0,8.9,0.1016,39.6,0.012459600000000001,113.08
16000.0,0.0,0.0254,39.6,0.00042846400000000004,124.986
1000.0,4.0,0.2286,71.3,0.00400603,131.708
800.0,0.0,0.2286,39.6,0.00253511,130.205
2500.0,2.0,0.2286,31.7,0.00372371,121.40700000000001
1600.0,2.7,0.1524,71.3,0.00243851,130.644
400.0,3.0,0.3048,71.3,0.00425727,127.564
630.0,8.4,0.0508,55.5,0.00544854,126.152
3150.0,8.4,0.0508,39.6,0.00566229,123.965
5000.0,3.3,0.1016,55.5,0.002211,124.839
6300.0,3.3,0.1016,71.3,0.00202822,124.904
1250.0,17.4,0.0254,39.6,0.0172206,131.364
1000.0,0.0,0.2286,39.6,0.00253511,130.435
250.0,12.7,0.0254,39.6,0.013025299999999998,121.54700000000001
1600.0,0.0,0.2286,55.5,0.00229336,126.79
1600.0,2.0,0.2286,71.3,0.00293031,127.796
4000.0,17.4,0.0254,71.3,0.016104,125.586
250.0,0.0,0.3048,39.6,0.00310138,119.319
5000.0,1.5,0.3048,39.6,0.00392107,116.241
8000.0,0.0,0.0254,71.3,0.00040068199999999997,129.86700000000002
8000.0,3.3,0.1016,71.3,0.00202822,121.234
2000.0,12.3,0.1016,71.3,0.033779199999999995,122.21799999999999
630.0,4.0,0.2286,55.5,0.0042861999999999996,129.964
800.0,3.0,0.3048,39.6,0.00495741,129.55200000000002
2000.0,12.7,0.0254,71.3,0.012180799999999999,134.22799999999998
250.0,17.4,0.0254,31.7,0.017663099999999998,116.956
4000.0,0.0,0.1016,39.6,0.00146332,127.801
630.0,9.5,0.0254,71.3,0.00420654,125.726
1000.0,0.0,0.0508,71.3,0.000740478,129.45
800.0,4.8,0.0254,31.7,0.0009307889999999999,122.648
6300.0,8.9,0.1016,39.6,0.012459600000000001,113.11
10000.0,4.8,0.0254,71.3,0.000848633,127.398
2000.0,15.6,0.1016,39.6,0.0528487,110.89399999999999
2500.0,5.3,0.2286,71.3,0.0051942,123.74
315.0,12.7,0.0254,39.6,0.013025299999999998,123.537
1600.0,12.3,0.1016,71.3,0.033779199999999995,124.74799999999999
250.0,19.7,0.0508,71.3,0.034118300000000004,119.115
315.0,12.6,0.1524,71.3,0.0483159,128.484
5000.0,2.0,0.2286,31.7,0.00372371,118.26700000000001
6300.0,1.5,0.3048,71.3,0.00336729,118.12200000000001
1250.0,0.0,0.2286,71.3,0.00214345,128.144
500.0,8.4,0.0508,31.7,0.00580776,122.96600000000001
5000.0,3.0,0.3048,39.6,0.00495741,115.792
1250.0,15.6,0.1016,39.6,0.0528487,118.214
2500.0,0.0,0.0254,31.7,0.000439472,132.89700000000002
1000.0,7.3,0.2286,55.5,0.011170600000000001,125.194
8000.0,0.0,0.3048,71.3,0.00266337,117.15100000000001
1250.0,8.4,0.0508,39.6,0.00566229,131.205
4000.0,0.0,0.0508,39.6,0.000791822,135.308
315.0,22.2,0.0254,39.6,0.022902799999999997,120.71600000000001
1250.0,3.3,0.1016,71.3,0.00202822,132.304
3150.0,0.0,0.1016,31.7,0.00150092,129.97299999999998
500.0,6.7,0.1016,55.5,0.0052139,129.343
1600.0,5.4,0.1524,39.6,0.00485029,126.26700000000001
1600.0,8.4,0.0508,71.3,0.00529514,133.846
800.0,3.3,0.1016,71.3,0.00202822,131.07399999999998
2500.0,12.3,0.1016,31.7,0.0418756,110.31700000000001
2000.0,6.7,0.1016,71.3,0.00478288,134.56799999999998
2500.0,9.5,0.0254,39.6,0.00449821,131.234
2000.0,7.3,0.2286,31.7,0.0132672,115.309
5000.0,0.0,0.3048,55.5,0.00283081,119.60600000000001
2000.0,4.0,0.3048,39.6,0.00579636,120.963
315.0,7.3,0.2286,39.6,0.0123481,132.149
4000.0,4.2,0.0508,71.3,0.00142788,133.59799999999998
630.0,0.0,0.1016,55.5,0.00131983,126.17
2000.0,11.2,0.0508,39.6,0.015047799999999998,124.42
4000.0,17.4,0.0254,55.5,0.016570599999999998,121.771
8000.0,2.7,0.1524,71.3,0.00243851,120.53399999999999
630.0,15.4,0.0508,55.5,0.0271925,129.33
400.0,5.4,0.1524,55.5,0.00433288,126.807
2500.0,2.7,0.1524,71.3,0.00243851,128.334
1250.0,15.4,0.0508,55.5,0.0271925,130.0
1000.0,12.6,0.1524,71.3,0.0483159,122.044
5000.0,2.0,0.2286,55.5,0.00313525,120.47200000000001
2000.0,17.4,0.0254,55.5,0.016570599999999998,125.26100000000001
2500.0,17.4,0.0254,39.6,0.0172206,124.154
1250.0,0.0,0.0508,71.3,0.000740478,128.56
1000.0,7.3,0.2286,31.7,0.0132672,119.09899999999999
4000.0,4.0,0.2286,39.6,0.00473801,119.15899999999999
2500.0,8.4,0.0508,55.5,0.00544854,131.542
630.0,2.7,0.1524,71.3,0.00243851,127.404
5000.0,7.2,0.1524,71.3,0.00752039,118.34299999999999
400.0,2.0,0.2286,39.6,0.00346574,122.147
800.0,0.0,0.3048,39.6,0.00310138,129.099
4000.0,0.0,0.3048,31.7,0.00331266,118.145
2000.0,0.0,0.1524,55.5,0.00172668,129.673
630.0,8.4,0.0508,31.7,0.00580776,125.85600000000001
1250.0,0.0,0.0508,39.6,0.000791822,129.148
315.0,9.5,0.0254,39.6,0.00449821,119.294
1000.0,2.0,0.2286,71.3,0.00293031,128.95600000000002
8000.0,0.0,0.1524,39.6,0.00193287,120.553
3150.0,5.3,0.2286,71.3,0.0051942,123.12
800.0,9.5,0.0254,39.6,0.00449821,129.014
1600.0,4.0,0.3048,71.3,0.00497773,126.645
3150.0,0.0,0.3048,31.7,0.00331266,119.135
2000.0,3.3,0.1016,55.5,0.002211,133.649
500.0,2.0,0.2286,55.5,0.00313525,124.69200000000001
2000.0,12.6,0.1524,71.3,0.0483159,117.50399999999999
4000.0,5.4,0.1524,39.6,0.00485029,117.137
6300.0,0.0,0.3048,31.7,0.00331266,113.775
1600.0,9.9,0.1524,55.5,0.0208438,119.875
200.0,12.6,0.1524,39.6,0.058411300000000006,114.75
6300.0,15.4,0.0508,31.7,0.028985300000000002,108.185
1250.0,11.2,0.0508,71.3,0.014072,136.191
800.0,12.7,0.0254,39.6,0.013025299999999998,130.217
1000.0,22.2,0.0254,39.6,0.022902799999999997,128.416
5000.0,0.0,0.1016,31.7,0.00150092,124.39299999999999
6300.0,3.0,0.3048,39.6,0.00495741,114.042
800.0,1.5,0.3048,71.3,0.00336729,127.12200000000001
1000.0,15.6,0.1016,71.3,0.0437259,124.43799999999999
500.0,12.3,0.1016,31.7,0.0418756,118.667
1000.0,2.0,0.2286,39.6,0.00346574,129.14700000000002
3150.0,0.0,0.2286,31.7,0.0027238,123.445
5000.0,2.0,0.2286,39.6,0.00346574,118.82700000000001
6300.0,15.4,0.0508,71.3,0.0264269,115.215
2500.0,0.0,0.0508,71.3,0.000740478,131.31
3150.0,17.4,0.0254,55.5,0.016570599999999998,124.101
630.0,5.4,0.1524,31.7,0.00525474,131.471
5000.0,2.0,0.2286,71.3,0.00293031,122.816
800.0,7.2,0.1524,39.6,0.00909175,132.358
4000.0,5.3,0.2286,39.6,0.00614329,115.801
6300.0,4.0,0.2286,39.6,0.00473801,114.249
5000.0,9.9,0.1524,31.7,0.0252785,109.949
630.0,4.0,0.3048,71.3,0.00497773,131.615
8000.0,0.0,0.1524,71.3,0.0015988,122.527
1600.0,1.5,0.3048,71.3,0.00336729,126.632
1000.0,9.5,0.0254,55.5,0.0043284,130.332
800.0,12.7,0.0254,71.3,0.012180799999999999,130.34799999999998
8000.0,3.3,0.1016,31.7,0.00251435,117.432
10000.0,0.0,0.1016,71.3,0.00121072,123.305
1600.0,0.0,0.2286,71.3,0.00214345,129.134
500.0,15.6,0.1016,71.3,0.0437259,130.638
1000.0,4.0,0.3048,39.6,0.00579636,128.72299999999998
2000.0,0.0,0.3048,39.6,0.00310138,123.689
20000.0,4.8,0.0254,71.3,0.000848633,119.708
1250.0,4.8,0.0254,31.7,0.0009307889999999999,127.40799999999999
800.0,12.6,0.1524,39.6,0.058411300000000006,116.56
800.0,8.4,0.0508,71.3,0.00529514,127.556
2000.0,7.2,0.1524,71.3,0.00752039,128.643
500.0,2.0,0.2286,71.3,0.00293031,126.486
1250.0,15.4,0.0508,71.3,0.0264269,130.845
3150.0,1.5,0.3048,71.3,0.00336729,123.39200000000001
4000.0,12.7,0.0254,71.3,0.012180799999999999,131.808
1250.0,6.7,0.1016,31.7,0.00592927,129.256
400.0,12.7,0.0254,71.3,0.012180799999999999,125.04799999999999
1000.0,3.3,0.1016,55.5,0.002211,131.129
1000.0,12.3,0.1016,39.6,0.0408268,122.435
6300.0,7.3,0.2286,39.6,0.0123481,110.839
4000.0,12.3,0.1016,71.3,0.033779199999999995,118.01799999999999
800.0,0.0,0.3048,31.7,0.00331266,129.235
250.0,7.3,0.2286,55.5,0.011170600000000001,136.384
630.0,15.4,0.0508,39.6,0.0282593,127.443
630.0,4.0,0.2286,31.7,0.00509068,130.349
1000.0,17.4,0.0254,71.3,0.016104,125.816
6300.0,0.0,0.2286,71.3,0.00214345,122.044
6300.0,3.0,0.3048,71.3,0.00425727,116.134
315.0,17.4,0.0254,71.3,0.016104,115.846
1250.0,6.7,0.1016,71.3,0.00478288,137.658
5000.0,9.5,0.0254,55.5,0.0043284,128.412
800.0,7.3,0.2286,55.5,0.011170600000000001,128.444
400.0,2.0,0.2286,55.5,0.00313525,122.292
4000.0,11.2,0.0508,71.3,0.014072,122.471
10000.0,0.0,0.0254,31.7,0.000439472,134.227
800.0,3.0,0.3048,55.5,0.00452492,129.94899999999998
250.0,12.6,0.1524,39.6,0.058411300000000006,115.89
2500.0,9.5,0.0254,31.7,0.00461377,130.086
4000.0,8.4,0.0508,55.5,0.00544854,122.61200000000001
2000.0,17.4,0.0254,71.3,0.016104,126.82600000000001
1600.0,12.3,0.1016,39.6,0.0408268,117.875
1600.0,2.7,0.1524,39.6,0.00294804,130.049
6300.0,1.5,0.3048,39.6,0.00392107,114.751
5000.0,9.9,0.1524,55.5,0.0208438,112.065
8000.0,0.0,0.1016,39.6,0.00146332,122.34100000000001
400.0,17.4,0.0254,31.7,0.017663099999999998,120.766
2000.0,5.4,0.1524,39.6,0.00485029,124.647
5000.0,5.4,0.1524,55.5,0.00433288,118.757
5000.0,7.3,0.2286,39.6,0.0123481,111.959
500.0,17.4,0.0254,39.6,0.0172206,117.514
500.0,11.2,0.0508,39.6,0.015047799999999998,131.96
12500.0,2.7,0.1524,39.6,0.00294804,108.649
8000.0,7.2,0.1524,71.3,0.00752039,113.333
400.0,5.3,0.2286,39.6,0.00614329,131.221
1000.0,12.3,0.1016,55.5,0.0368233,125.484
1000.0,15.4,0.0508,71.3,0.0264269,131.865
315.0,12.3,0.1016,39.6,0.0408268,129.415
5000.0,0.0,0.1016,39.6,0.00146332,126.021
630.0,0.0,0.2286,31.7,0.0027238,129.465
1250.0,12.7,0.0254,71.3,0.012180799999999999,133.048
630.0,0.0,0.1524,31.7,0.00209405,125.99700000000001
1000.0,1.5,0.3048,39.6,0.00392107,127.581
1600.0,17.4,0.0254,39.6,0.0172206,127.61399999999999
2500.0,2.0,0.2286,71.3,0.00293031,127.006
630.0,6.7,0.1016,71.3,0.00478288,131.44799999999998
2000.0,2.0,0.2286,39.6,0.00346574,122.79700000000001
6300.0,0.0,0.0508,71.3,0.000740478,133.04
2500.0,5.4,0.1524,55.5,0.00433288,124.07700000000001
1250.0,4.0,0.2286,39.6,0.00473801,128.339
250.0,19.7,0.0508,39.6,0.036483999999999996,127.22399999999999
16000.0,0.0,0.3048,71.3,0.00266337,108.721
630.0,11.2,0.0508,71.3,0.014072,133.611
1600.0,22.2,0.0254,39.6,0.022902799999999997,122.21600000000001
630.0,15.4,0.0508,71.3,0.0264269,129.645
5000.0,0.0,0.2286,55.5,0.00229336,122.41
1600.0,6.7,0.1016,55.5,0.0052139,133.653
6300.0,0.0,0.2286,55.5,0.00229336,118.41
20000.0,0.0,0.0254,55.5,0.00041229,121.93299999999999
2500.0,22.2,0.0254,71.3,0.0214178,126.09700000000001
500.0,6.7,0.1016,31.7,0.00592927,130.20600000000002
4000.0,19.7,0.0508,39.6,0.036483999999999996,108.684
8000.0,4.0,0.2286,55.5,0.0042861999999999996,112.524
2000.0,0.0,0.0508,39.6,0.000791822,132.918
2000.0,15.4,0.0508,55.5,0.0271925,127.04
1000.0,0.0,0.2286,55.5,0.00229336,128.29
2000.0,0.0,0.2286,31.7,0.0027238,123.455
1600.0,9.5,0.0254,71.3,0.00420654,133.756
4000.0,7.3,0.2286,55.5,0.011170600000000001,117.28399999999999
2000.0,8.4,0.0508,71.3,0.00529514,134.476
6300.0,0.0,0.1016,31.7,0.00150092,124.25299999999999
400.0,12.3,0.1016,39.6,0.0408268,128.265
2000.0,4.0,0.2286,71.3,0.00400603,126.21799999999999
250.0,11.2,0.0508,39.6,0.015047799999999998,126.43
2000.0,4.0,0.2286,55.5,0.0042861999999999996,124.25399999999999
500.0,7.2,0.1524,39.6,0.00909175,132.658
1600.0,11.2,0.0508,39.6,0.015047799999999998,126.54
3150.0,15.6,0.1016,71.3,0.0437259,116.46799999999999
500.0,9.9,0.1524,39.6,0.0233328,126.835
5000.0,8.4,0.0508,71.3,0.00529514,121.146
500.0,9.5,0.0254,55.5,0.0043284,123.08200000000001
2000.0,4.0,0.3048,71.3,0.00497773,124.395
2000.0,6.7,0.1016,39.6,0.00578076,122.235
10000.0,4.2,0.0508,71.3,0.00142788,121.238
4000.0,4.0,0.3048,39.6,0.00579636,115.863
4000.0,5.4,0.1524,31.7,0.00525474,116.181
8000.0,0.0,0.0254,31.7,0.000439472,137.207
2000.0,3.3,0.1016,39.6,0.00245138,132.30100000000002
2000.0,7.3,0.2286,55.5,0.011170600000000001,120.354
8000.0,0.0,0.1524,55.5,0.00172668,121.90299999999999
500.0,19.7,0.0508,71.3,0.034118300000000004,126.995
3150.0,0.0,0.0254,39.6,0.00042846400000000004,133.276
2000.0,9.9,0.1524,55.5,0.0208438,119.505
2500.0,4.0,0.3048,71.3,0.00497773,123.775
6300.0,0.0,0.1016,71.3,0.00121072,129.395
800.0,7.3,0.2286,39.6,0.0123481,126.29899999999999
800.0,0.0,0.3048,55.5,0.00283081,128.086
4000.0,15.4,0.0508,71.3,0.0264269,122.675
6300.0,4.2,0.0508,39.6,0.00152689,125.71700000000001
6300.0,0.0,0.0508,55.5,0.00076193,132.796
800.0,3.3,0.1016,55.5,0.002211,129.119
315.0,2.0,0.2286,31.7,0.00372371,120.147
3150.0,0.0,0.0508,39.6,0.000791822,135.938
800.0,19.7,0.0508,71.3,0.034118300000000004,124.555
800.0,15.6,0.1016,71.3,0.0437259,124.18799999999999
200.0,8.9,0.1016,39.6,0.012459600000000001,133.42
2000.0,8.9,0.1016,71.3,0.0103088,124.23299999999999
200.0,22.2,0.0254,39.6,0.022902799999999997,116.066
1250.0,6.7,0.1016,39.6,0.00578076,132.395
200.0,7.3,0.2286,55.5,0.011170600000000001,135.234
10000.0,0.0,0.1016,31.7,0.00150092,115.89299999999999
1000.0,7.3,0.2286,39.6,0.0123481,122.539
2500.0,15.6,0.1016,71.3,0.0437259,118.99799999999999
1000.0,0.0,0.1524,71.3,0.0015988,127.307
2000.0,15.4,0.0508,31.7,0.028985300000000002,120.835
4000.0,15.4,0.0508,55.5,0.0271925,120.92
5000.0,3.3,0.1016,39.6,0.00245138,122.37100000000001
1600.0,6.7,0.1016,31.7,0.00592927,124.346
2500.0,15.4,0.0508,39.6,0.0282593,122.413
630.0,5.4,0.1524,39.6,0.00485029,132.357
5000.0,12.3,0.1016,71.3,0.033779199999999995,116.10799999999999
400.0,8.4,0.0508,39.6,0.00566229,120.015
6300.0,3.3,0.1016,31.7,0.00251435,120.70200000000001
5000.0,0.0,0.2286,39.6,0.00253511,122.175
250.0,5.3,0.2286,39.6,0.00614329,127.01100000000001
1250.0,17.4,0.0254,71.3,0.016104,126.35600000000001
250.0,15.4,0.0508,71.3,0.0264269,124.835
1250.0,8.4,0.0508,71.3,0.00529514,132.086
2500.0,4.0,0.2286,55.5,0.0042861999999999996,122.384
315.0,5.4,0.1524,31.7,0.00525474,125.741
4000.0,9.9,0.1524,31.7,0.0252785,111.459
2500.0,11.2,0.0508,39.6,0.015047799999999998,122.17
2000.0,3.3,0.1016,31.7,0.00251435,131.642
800.0,1.5,0.3048,39.6,0.00392107,128.83100000000002
315.0,22.2,0.0254,71.3,0.0214178,115.85700000000001
250.0,8.9,0.1016,39.6,0.012459600000000001,134.34
4000.0,3.0,0.3048,71.3,0.00425727,120.264
1600.0,9.9,0.1524,39.6,0.0233328,118.545
1250.0,6.7,0.1016,55.5,0.0052139,136.88299999999998
1250.0,0.0,0.1016,55.5,0.00131983,131.43
800.0,2.0,0.2286,71.3,0.00293031,128.216
1000.0,8.9,0.1016,39.6,0.012459600000000001,129.58
1000.0,4.8,0.0254,39.6,0.000907475,122.956
315.0,8.9,0.1016,39.6,0.012459600000000001,135.38
500.0,8.9,0.1016,71.3,0.0103088,138.523
315.0,19.7,0.0508,71.3,0.034118300000000004,121.235
800.0,5.4,0.1524,31.7,0.00525474,131.491
1600.0,0.0,0.3048,71.3,0.00266337,127.59100000000001
1600.0,4.8,0.0254,39.6,0.000907475,125.96600000000001
1000.0,3.0,0.3048,71.3,0.00425727,129.004
5000.0,1.5,0.3048,71.3,0.00336729,119.632
4000.0,12.7,0.0254,39.6,0.013025299999999998,126.537
3150.0,22.2,0.0254,71.3,0.0214178,124.12700000000001
2500.0,0.0,0.1016,71.3,0.00121072,132.595
800.0,22.2,0.0254,39.6,0.022902799999999997,137.076
400.0,7.3,0.2286,55.5,0.011170600000000001,135.924
315.0,12.3,0.1016,71.3,0.033779199999999995,137.06799999999998
5000.0,7.3,0.2286,55.5,0.011170600000000001,113.14399999999999
630.0,2.0,0.2286,55.5,0.00313525,126.84200000000001
1000.0,0.0,0.2286,31.7,0.0027238,130.595
8000.0,4.8,0.0254,31.7,0.0009307889999999999,127.008
1000.0,22.2,0.0254,71.3,0.0214178,134.247
1600.0,1.5,0.3048,39.6,0.00392107,122.211
1000.0,0.0,0.1016,71.3,0.00121072,128.825
3150.0,11.2,0.0508,71.3,0.014072,127.141
250.0,8.9,0.1016,71.3,0.0103088,134.533
4000.0,2.0,0.2286,71.3,0.00293031,124.086
2500.0,9.5,0.0254,71.3,0.00420654,135.95600000000002
1250.0,1.5,0.3048,71.3,0.00336729,125.87200000000001
800.0,15.6,0.1016,39.6,0.0528487,118.964
630.0,5.4,0.1524,71.3,0.00401199,128.971
630.0,12.3,0.1016,55.5,0.0368233,124.244
200.0,11.2,0.0508,39.6,0.015047799999999998,125.01
1600.0,15.6,0.1016,39.6,0.0528487,114.554
4000.0,9.5,0.0254,31.7,0.00461377,126.736
6300.0,3.0,0.3048,55.5,0.00452492,115.679
6300.0,5.4,0.1524,39.6,0.00485029,116.677
1600.0,0.0,0.2286,31.7,0.0027238,125.625
2000.0,2.0,0.2286,71.3,0.00293031,126.896
630.0,9.9,0.1524,55.5,0.0208438,127.315
1250.0,4.0,0.2286,55.5,0.0042861999999999996,131.264
12500.0,1.5,0.3048,39.6,0.00392107,106.111
8000.0,3.0,0.3048,55.5,0.00452492,113.79899999999999
6300.0,4.0,0.3048,71.3,0.00497773,116.165
1250.0,11.2,0.0508,39.6,0.015047799999999998,130.05
10000.0,0.0,0.0254,55.5,0.00041229,134.563
5000.0,5.3,0.2286,71.3,0.0051942,118.05
1250.0,2.0,0.2286,71.3,0.00293031,128.816
400.0,15.6,0.1016,39.6,0.0528487,120.484
200.0,7.3,0.2286,71.3,0.010440399999999999,138.75799999999998
1250.0,4.2,0.0508,39.6,0.00152689,128.42700000000002
12500.0,1.5,0.3048,71.3,0.00336729,109.22200000000001
1250.0,0.0,0.3048,55.5,0.00283081,126.086
2000.0,15.6,0.1016,71.3,0.0437259,119.88799999999999
6300.0,15.4,0.0508,39.6,0.0282593,109.663
5000.0,9.5,0.0254,71.3,0.00420654,131.186
800.0,2.0,0.2286,55.5,0.00313525,128.49200000000002
1250.0,0.0,0.2286,39.6,0.00253511,129.395
2500.0,0.0,0.2286,55.5,0.00229336,126.54
8000.0,0.0,0.3048,39.6,0.00310138,114.779
2500.0,12.3,0.1016,39.6,0.0408268,113.315
10000.0,1.5,0.3048,71.3,0.00336729,113.492
5000.0,4.0,0.2286,39.6,0.00473801,117.649
2500.0,0.0,0.1016,39.6,0.00146332,132.611
315.0,7.2,0.1524,39.6,0.00909175,130.558
2500.0,2.0,0.2286,39.6,0.00346574,121.397
400.0,7.3,0.2286,39.6,0.0123481,132.039
5000.0,0.0,0.3048,71.3,0.00266337,121.301
10000.0,2.0,0.2286,71.3,0.00293031,113.086
315.0,7.3,0.2286,55.5,0.011170600000000001,136.284
1250.0,7.3,0.2286,31.7,0.0132672,120.509
1250.0,3.3,0.1016,39.6,0.00245138,133.211
800.0,0.0,0.1524,39.6,0.00193287,127.90299999999999
20000.0,0.0,0.0254,71.3,0.00040068199999999997,123.21700000000001
630.0,11.2,0.0508,39.6,0.015047799999999998,133.13
1600.0,12.6,0.1524,39.6,0.058411300000000006,110.78
500.0,9.5,0.0254,39.6,0.00449821,123.89399999999999
200.0,8.9,0.1016,71.3,0.0103088,133.503
500.0,7.3,0.2286,71.3,0.010440399999999999,136.798
5000.0,0.0,0.0254,71.3,0.00040068199999999997,136.83700000000002
800.0,0.0,0.1016,55.5,0.00131983,127.92
1250.0,0.0,0.0508,55.5,0.00076193,127.07600000000001
16000.0,0.0,0.0254,55.5,0.00041229,125.68299999999999
1000.0,0.0,0.0508,39.6,0.000791822,127.63799999999999
4000.0,12.6,0.1524,71.3,0.0483159,108.03399999999999
5000.0,0.0,0.0508,71.3,0.000740478,134.43
1000.0,8.4,0.0508,39.6,0.00566229,130.195
1000.0,7.2,0.1524,39.6,0.00909175,128.338
400.0,0.0,0.2286,55.5,0.00229336,121.66
5000.0,0.0,0.1524,71.3,0.0015988,126.45700000000001
1000.0,9.9,0.1524,31.7,0.0252785,122.149
4000.0,0.0,0.1016,71.3,0.00121072,130.935
630.0,15.4,0.0508,31.7,0.028985300000000002,124.685
1250.0,12.3,0.1016,39.6,0.0408268,121.165
500.0,0.0,0.3048,55.5,0.00283081,126.416
630.0,2.0,0.2286,31.7,0.00372371,129.05700000000002
10000.0,0.0,0.0254,39.6,0.00042846400000000004,133.376
1250.0,7.3,0.2286,39.6,0.0123481,123.189
5000.0,4.2,0.0508,71.3,0.00142788,132.828
1000.0,12.7,0.0254,71.3,0.012180799999999999,131.69799999999998
5000.0,7.3,0.2286,71.3,0.010440399999999999,115.29799999999999
315.0,7.2,0.1524,71.3,0.00752039,128.713
1000.0,9.5,0.0254,71.3,0.00420654,129.556
315.0,17.4,0.0254,55.5,0.016570599999999998,111.911
250.0,12.6,0.1524,71.3,0.0483159,129.744
1600.0,0.0,0.1016,39.6,0.00146332,133.261
500.0,15.4,0.0508,55.5,0.0271925,127.22
1600.0,8.9,0.1016,71.3,0.0103088,128.763
4000.0,22.2,0.0254,71.3,0.0214178,123.917
315.0,17.4,0.0254,39.6,0.0172206,115.14399999999999
5000.0,8.9,0.1016,71.3,0.0103088,116.723
8000.0,7.2,0.1524,39.6,0.00909175,111.588
2000.0,9.5,0.0254,31.7,0.00461377,130.496
500.0,4.0,0.3048,71.3,0.00497773,130.715
3150.0,0.0,0.1524,31.7,0.00209405,124.20700000000001
2500.0,11.2,0.0508,71.3,0.014072,130.541
630.0,12.3,0.1016,71.3,0.033779199999999995,135.368
8000.0,15.4,0.0508,71.3,0.0264269,112.675
1000.0,5.4,0.1524,31.7,0.00525474,128.241
500.0,4.0,0.2286,39.6,0.00473801,127.039
5000.0,9.9,0.1524,39.6,0.0233328,111.135
500.0,4.0,0.2286,31.7,0.00509068,128.939
630.0,17.4,0.0254,39.6,0.0172206,124.514
4000.0,4.8,0.0254,39.6,0.000907475,134.996
8000.0,0.0,0.0508,39.6,0.000791822,128.518
1250.0,7.2,0.1524,71.3,0.00752039,132.513
6300.0,0.0,0.1016,39.6,0.00146332,125.631
1000.0,2.0,0.2286,31.7,0.00372371,130.30700000000002
500.0,3.0,0.3048,71.3,0.00425727,128.454
500.0,2.7,0.1524,39.6,0.00294804,121.009
1000.0,15.6,0.1016,39.6,0.0528487,119.22399999999999
250.0,7.3,0.2286,39.6,0.0123481,131.889
4000.0,0.0,0.1524,31.7,0.00209405,123.807
1250.0,22.2,0.0254,39.6,0.022902799999999997,126.446
250.0,12.7,0.0254,71.3,0.012180799999999999,119.698
2000.0,0.0,0.1016,71.3,0.00121072,132.095
315.0,2.0,0.2286,39.6,0.00346574,120.137
630.0,12.7,0.0254,71.3,0.012180799999999999,128.878
250.0,15.6,0.1016,71.3,0.0437259,132.158
1000.0,12.7,0.0254,39.6,0.013025299999999998,130.947
500.0,3.0,0.3048,55.5,0.00452492,128.179
800.0,8.4,0.0508,39.6,0.00566229,128.435
2500.0,6.7,0.1016,55.5,0.0052139,124.273
630.0,9.9,0.1524,71.3,0.019300099999999997,129.889
200.0,0.0,0.3048,39.6,0.00310138,118.12899999999999
1000.0,0.0,0.3048,71.3,0.00266337,125.20100000000001
4000.0,0.0,0.1524,55.5,0.00172668,127.23299999999999
10000.0,0.0,0.3048,71.3,0.00266337,115.391
1250.0,8.9,0.1016,39.6,0.012459600000000001,127.71
10000.0,0.0,0.1524,71.3,0.0015988,120.24700000000001
4000.0,8.9,0.1016,39.6,0.012459600000000001,116.22
400.0,1.5,0.3048,39.6,0.00392107,124.001
3150.0,4.0,0.3048,39.6,0.00579636,118.743
10000.0,4.8,0.0254,55.5,0.000873218,126.944
2500.0,8.9,0.1016,71.3,0.0103088,123.62299999999999
4000.0,9.5,0.0254,55.5,0.0043284,131.582
3150.0,0.0,0.2286,39.6,0.00253511,124.625
4000.0,2.0,0.2286,31.7,0.00372371,120.527
1600.0,3.3,0.1016,39.6,0.00245138,133.071
315.0,0.0,0.3048,39.6,0.00310138,122.779
400.0,9.9,0.1524,55.5,0.0208438,131.605
12500.0,0.0,0.0254,55.5,0.00041229,131.453
1250.0,0.0,0.1016,71.3,0.00121072,130.335
16000.0,0.0,0.1524,55.5,0.00172668,112.803
1000.0,5.4,0.1524,39.6,0.00485029,130.507
1250.0,15.4,0.0508,31.7,0.028985300000000002,123.255
3150.0,0.0,0.3048,55.5,0.00283081,123.236
400.0,15.4,0.0508,39.6,0.0282593,125.353
250.0,9.5,0.0254,39.6,0.00449821,116.92399999999999
5000.0,12.6,0.1524,71.3,0.0483159,108.03399999999999
2500.0,0.0,0.2286,39.6,0.00253511,125.025
2500.0,0.0,0.0254,55.5,0.00041229,130.07299999999998
6300.0,0.0,0.2286,39.6,0.00253511,117.465
500.0,0.0,0.1524,55.5,0.00172668,120.573
2000.0,9.5,0.0254,39.6,0.00449821,131.274
400.0,3.0,0.3048,31.7,0.00529514,125.398
1250.0,0.0,0.0254,31.7,0.000439472,127.947
2000.0,3.0,0.3048,71.3,0.00425727,125.524
3150.0,4.8,0.0254,39.6,0.000907475,133.436
2500.0,9.9,0.1524,31.7,0.0252785,114.729
2500.0,12.3,0.1016,55.5,0.0368233,117.054
250.0,7.3,0.2286,71.3,0.010440399999999999,139.918
12500.0,4.0,0.2286,71.3,0.00400603,114.258
500.0,22.2,0.0254,39.6,0.022902799999999997,129.776
1250.0,3.3,0.1016,55.5,0.002211,132.769
1250.0,4.0,0.2286,71.3,0.00400603,131.718
630.0,7.3,0.2286,71.3,0.010440399999999999,133.768
1250.0,5.4,0.1524,31.7,0.00525474,123.991
200.0,17.4,0.0254,71.3,0.016104,112.506
6300.0,0.0,0.0254,71.3,0.00040068199999999997,134.987
6300.0,0.0,0.0508,39.6,0.000791822,131.918
8000.0,12.7,0.0254,39.6,0.013025299999999998,120.60700000000001
1250.0,9.5,0.0254,71.3,0.00420654,131.656
2000.0,8.4,0.0508,39.6,0.00566229,129.965
2500.0,7.3,0.2286,55.5,0.011170600000000001,118.994
1250.0,2.7,0.1524,39.6,0.00294804,130.829
5000.0,15.4,0.0508,55.5,0.0271925,117.11
2500.0,15.4,0.0508,55.5,0.0271925,125.63
12500.0,2.7,0.1524,71.3,0.00243851,113.03399999999999
1600.0,3.0,0.3048,55.5,0.00452492,124.439
2000.0,3.0,0.3048,31.7,0.00529514,120.088
6300.0,17.4,0.0254,71.3,0.016104,119.916
8000.0,5.3,0.2286,71.3,0.0051942,114.9
8000.0,2.0,0.2286,71.3,0.00293031,115.99600000000001
4000.0,17.4,0.0254,31.7,0.017663099999999998,121.99600000000001
2500.0,0.0,0.1016,55.5,0.00131983,133.04
1250.0,1.5,0.3048,39.6,0.00392107,125.211
3150.0,4.0,0.3048,71.3,0.00497773,121.775
2500.0,0.0,0.0508,55.5,0.00076193,133.95600000000002
4000.0,7.3,0.2286,39.6,0.0123481,114.079
800.0,5.3,0.2286,71.3,0.0051942,133.48
3150.0,2.7,0.1524,71.3,0.00243851,127.054
800.0,4.0,0.2286,31.7,0.00509068,130.869
500.0,17.4,0.0254,55.5,0.016570599999999998,119.62100000000001
315.0,0.0,0.2286,31.7,0.0027238,120.595
500.0,4.0,0.3048,39.6,0.00579636,130.173
400.0,17.4,0.0254,55.5,0.016570599999999998,115.461
3150.0,12.3,0.1016,71.3,0.033779199999999995,120.79799999999999
500.0,0.0,0.1524,39.6,0.00193287,119.51299999999999
250.0,4.0,0.3048,71.3,0.00497773,126.395
400.0,9.9,0.1524,39.6,0.0233328,128.345
1000.0,8.9,0.1016,71.3,0.0103088,135.433
3150.0,3.0,0.3048,71.3,0.00425727,121.514
8000.0,4.2,0.0508,71.3,0.00142788,125.26799999999999
200.0,17.4,0.0254,55.5,0.016570599999999998,109.95100000000001
6300.0,5.4,0.1524,31.7,0.00525474,115.59100000000001
400.0,8.9,0.1016,39.6,0.012459600000000001,135.54
630.0,0.0,0.1016,39.6,0.00146332,125.40100000000001
630.0,4.0,0.2286,71.3,0.00400603,129.03799999999998
5000.0,3.0,0.3048,31.7,0.00529514,113.85799999999999
4000.0,0.0,0.2286,55.5,0.00229336,123.41
800.0,5.4,0.1524,71.3,0.00401199,131.281
8000.0,1.5,0.3048,39.6,0.00392107,112.251
400.0,12.6,0.1524,39.6,0.058411300000000006,115.91
3150.0,17.4,0.0254,71.3,0.016104,126.536
1250.0,3.0,0.3048,31.7,0.00529514,124.838
10000.0,4.2,0.0508,39.6,0.00152689,116.96700000000001
1600.0,2.0,0.2286,31.7,0.00372371,125.79700000000001
12500.0,0.0,0.1524,71.3,0.0015988,117.087
3150.0,0.0,0.1524,55.5,0.00172668,127.75299999999999
12500.0,0.0,0.0508,39.6,0.000791822,123.988
630.0,0.0,0.1524,39.6,0.00193287,124.40299999999999
6300.0,15.4,0.0508,55.5,0.0271925,112.93
630.0,0.0,0.1524,55.5,0.00172668,123.583
12500.0,0.0,0.0508,55.5,0.00076193,125.376
1600.0,7.3,0.2286,71.3,0.010440399999999999,125.728
500.0,5.4,0.1524,55.5,0.00433288,129.36700000000002
4000.0,4.2,0.0508,39.6,0.00152689,131.80700000000002
1600.0,12.3,0.1016,31.7,0.0418756,114.477
6300.0,3.0,0.3048,31.7,0.00529514,109.71799999999999
500.0,9.5,0.0254,31.7,0.00461377,126.88600000000001
800.0,3.0,0.3048,71.3,0.00425727,129.494
2000.0,0.0,0.1524,71.3,0.0015988,128.64700000000002
4000.0,0.0,0.0254,71.3,0.00040068199999999997,138.55700000000002
800.0,4.8,0.0254,39.6,0.000907475,120.766
3150.0,5.4,0.1524,31.7,0.00525474,118.291
10000.0,3.3,0.1016,39.6,0.00245138,115.321
400.0,15.4,0.0508,71.3,0.0264269,126.805
400.0,15.4,0.0508,31.7,0.028985300000000002,123.705
1250.0,3.0,0.3048,39.6,0.00495741,125.802
5000.0,0.0,0.2286,31.7,0.0027238,120.505
1250.0,2.0,0.2286,31.7,0.00372371,128.67700000000002
10000.0,0.0,0.1016,39.6,0.00146332,119.561
630.0,2.7,0.1524,39.6,0.00294804,125.809
2500.0,0.0,0.2286,31.7,0.0027238,123.445
2500.0,0.0,0.0254,71.3,0.00040068199999999997,133.707
2000.0,15.4,0.0508,71.3,0.0264269,129.285
1000.0,0.0,0.1016,39.6,0.00146332,130.781
3150.0,12.3,0.1016,39.6,0.0408268,113.055
400.0,9.9,0.1524,31.7,0.0252785,128.939
1250.0,19.7,0.0508,39.6,0.036483999999999996,118.634
1600.0,5.4,0.1524,71.3,0.00401199,133.241
10000.0,0.0,0.0508,71.3,0.000740478,128.74
3150.0,15.4,0.0508,71.3,0.0264269,125.715
1000.0,19.7,0.0508,39.6,0.036483999999999996,118.904
1250.0,12.6,0.1524,71.3,0.0483159,120.154
1600.0,3.0,0.3048,39.6,0.00495741,122.78200000000001
5000.0,4.0,0.3048,71.3,0.00497773,117.785
1250.0,9.5,0.0254,39.6,0.00449821,130.964
400.0,8.9,0.1016,71.3,0.0103088,138.123
4000.0,0.0,0.3048,55.5,0.00283081,121.10600000000001
315.0,9.9,0.1524,39.6,0.0233328,128.595
630.0,12.7,0.0254,39.6,0.013025299999999998,128.86700000000002
6300.0,9.5,0.0254,71.3,0.00420654,127.24600000000001
250.0,9.9,0.1524,31.7,0.0252785,128.559
630.0,3.0,0.3048,39.6,0.00495741,129.292
500.0,3.0,0.3048,31.7,0.00529514,127.54799999999999
3150.0,0.0,0.1016,39.6,0.00146332,130.961
12500.0,0.0,0.0508,31.7,0.000812164,119.07
5000.0,12.7,0.0254,39.6,0.013025299999999998,125.10700000000001
1000.0,5.4,0.1524,55.5,0.00433288,132.127
1000.0,5.3,0.2286,39.6,0.00614329,125.581
2000.0,0.0,0.1016,55.5,0.00131983,132.54
8000.0,4.8,0.0254,71.3,0.000848633,131.518
2500.0,3.3,0.1016,55.5,0.002211,132.889
4000.0,2.0,0.2286,39.6,0.00346574,120.227
800.0,17.4,0.0254,55.5,0.016570599999999998,123.09100000000001
3150.0,12.7,0.0254,39.6,0.013025299999999998,127.84700000000001
6300.0,2.0,0.2286,55.5,0.00313525,118.712
4000.0,3.3,0.1016,71.3,0.00202822,128.704
4000.0,12.6,0.1524,39.6,0.058411300000000006,104.5
3150.0,5.4,0.1524,55.5,0.00433288,121.587
3150.0,7.3,0.2286,39.6,0.0123481,114.309
2000.0,4.8,0.0254,55.5,0.000873218,125.054
500.0,4.8,0.0254,39.6,0.000907475,116.366
500.0,0.0,0.2286,31.7,0.0027238,126.675
1600.0,0.0,0.0508,31.7,0.000812164,131.01
3150.0,12.7,0.0254,71.3,0.012180799999999999,133.75799999999998
5000.0,5.4,0.1524,71.3,0.00401199,120.061
800.0,0.0,0.1524,55.5,0.00172668,126.713
1600.0,12.3,0.1016,55.5,0.0368233,121.824
3150.0,4.8,0.0254,31.7,0.0009307889999999999,134.268
3150.0,9.5,0.0254,55.5,0.0043284,133.252
2000.0,19.7,0.0508,71.3,0.034118300000000004,120.055
500.0,12.6,0.1524,39.6,0.058411300000000006,114.9
5000.0,0.0,0.0254,39.6,0.00042846400000000004,136.536
3150.0,4.0,0.2286,39.6,0.00473801,120.419
3150.0,15.6,0.1016,39.6,0.0528487,109.25399999999999
12500.0,0.0,0.3048,39.6,0.00310138,109.619
4000.0,4.0,0.2286,55.5,0.0042861999999999996,120.654
8000.0,0.0,0.0508,31.7,0.000812164,126.59
630.0,7.2,0.1524,39.6,0.00909175,133.19799999999998
2500.0,15.4,0.0508,31.7,0.028985300000000002,119.945
2500.0,4.8,0.0254,71.3,0.000848633,130.828
250.0,15.6,0.1016,39.6,0.0528487,124.64399999999999
315.0,12.6,0.1524,39.6,0.058411300000000006,116.02
5000.0,0.0,0.0254,31.7,0.000439472,138.607
1000.0,11.2,0.0508,71.3,0.014072,136.941
400.0,5.4,0.1524,31.7,0.00525474,127.781
315.0,9.9,0.1524,55.5,0.0208438,132.355
2000.0,3.3,0.1016,71.3,0.00202822,134.034
200.0,15.4,0.0508,55.5,0.0271925,122.94
800.0,2.7,0.1524,39.6,0.00294804,128.829
1600.0,4.0,0.2286,71.3,0.00400603,129.468
630.0,15.6,0.1016,71.3,0.0437259,122.288
2500.0,7.3,0.2286,71.3,0.010440399999999999,122.088
800.0,9.5,0.0254,31.7,0.00461377,130.746
3150.0,9.9,0.1524,39.6,0.0233328,113.525
3150.0,0.0,0.1524,71.3,0.0015988,129.377
6300.0,15.6,0.1016,39.6,0.0528487,104.204
1250.0,0.0,0.3048,39.6,0.00310138,125.499
6300.0,12.7,0.0254,39.6,0.013025299999999998,123.177
2500.0,22.2,0.0254,39.6,0.022902799999999997,121.306
800.0,0.0,0.1016,39.6,0.00146332,128.401
1600.0,7.3,0.2286,39.6,0.0123481,121.059
315.0,3.0,0.3048,31.7,0.00529514,123.118
1000.0,9.9,0.1524,39.6,0.0233328,123.835
3150.0,9.5,0.0254,39.6,0.00449821,129.934
630.0,15.6,0.1016,39.6,0.0528487,118.084
500.0,0.0,0.3048,31.7,0.00331266,127.315
6300.0,7.2,0.1524,71.3,0.00752039,116.603
4000.0,19.7,0.0508,71.3,0.034118300000000004,113.045
800.0,2.0,0.2286,31.7,0.00372371,130.30700000000002
200.0,17.4,0.0254,31.7,0.017663099999999998,116.146
12500.0,0.0,0.0254,31.7,0.000439472,128.977
800.0,0.0,0.2286,31.7,0.0027238,130.725
400.0,5.3,0.2286,71.3,0.0051942,127.7
1600.0,0.0,0.0254,39.6,0.00042846400000000004,124.156
800.0,15.4,0.0508,31.7,0.028985300000000002,125.555
2500.0,0.0,0.1524,31.7,0.00209405,125.867
10000.0,0.0,0.0508,31.7,0.000812164,122.45
6300.0,12.3,0.1016,39.6,0.0408268,107.985
800.0,0.0,0.0508,71.3,0.000740478,130.96
20000.0,0.0,0.2286,71.3,0.00214345,114.47399999999999
2000.0,4.8,0.0254,31.7,0.0009307889999999999,130.148
3150.0,0.0,0.1016,71.3,0.00121072,131.955
1000.0,4.2,0.0508,39.6,0.00152689,125.647
6300.0,9.9,0.1524,71.3,0.019300099999999997,112.039
2000.0,8.9,0.1016,39.6,0.012459600000000001,119.04
1600.0,0.0,0.0508,71.3,0.000740478,129.68
2500.0,0.0,0.0254,39.6,0.00042846400000000004,131.836
12500.0,0.0,0.1524,55.5,0.00172668,117.09299999999999
8000.0,4.8,0.0254,39.6,0.000907475,131.346
1600.0,0.0,0.1016,31.7,0.00150092,133.553
4000.0,15.4,0.0508,31.7,0.028985300000000002,115.635
8000.0,0.0,0.0508,71.3,0.000740478,130.89
6300.0,12.3,0.1016,55.5,0.0368233,110.124
6300.0,4.8,0.0254,55.5,0.000873218,135.164
3150.0,8.4,0.0508,55.5,0.00544854,128.40200000000002
3150.0,7.2,0.1524,39.6,0.00909175,111.818
3150.0,4.8,0.0254,71.3,0.000848633,133.378
1600.0,12.7,0.0254,39.6,0.013025299999999998,129.977
5000.0,12.3,0.1016,55.5,0.0368233,112.014
4000.0,9.9,0.1524,71.3,0.019300099999999997,115.079
2000.0,5.4,0.1524,55.5,0.00433288,128.707
4000.0,8.4,0.0508,31.7,0.00580776,118.10600000000001
500.0,4.8,0.0254,31.7,0.0009307889999999999,116.12799999999999
2500.0,3.0,0.3048,31.7,0.00529514,119.598
2500.0,4.8,0.0254,55.5,0.000873218,129.144
3150.0,9.9,0.1524,31.7,0.0252785,112.209
1000.0,4.0,0.3048,71.3,0.00497773,131.015
1250.0,0.0,0.3048,31.7,0.00331266,124.355
10000.0,2.7,0.1524,39.6,0.00294804,112.589
500.0,17.4,0.0254,71.3,0.016104,119.806
5000.0,22.2,0.0254,71.3,0.0214178,125.727
3150.0,3.3,0.1016,31.7,0.00251435,128.252
200.0,9.5,0.0254,39.6,0.00449821,116.074
3150.0,11.2,0.0508,39.6,0.015047799999999998,119.67
3150.0,8.9,0.1016,39.6,0.012459600000000001,119.35
500.0,15.4,0.0508,31.7,0.028985300000000002,123.695
4000.0,15.6,0.1016,71.3,0.0437259,113.29799999999999
5000.0,7.2,0.1524,39.6,0.00909175,113.288
500.0,5.3,0.2286,39.6,0.00614329,132.251
400.0,5.4,0.1524,39.6,0.00485029,127.637
4000.0,4.0,0.2286,31.7,0.00509068,118.859
5000.0,12.6,0.1524,39.6,0.058411300000000006,104.13
800.0,0.0,0.1524,31.7,0.00209405,129.11700000000002
5000.0,15.4,0.0508,71.3,0.0264269,119.135
8000.0,4.0,0.3048,71.3,0.00497773,113.665
3150.0,2.0,0.2286,31.7,0.00372371,121.527
2000.0,0.0,0.0254,55.5,0.00041229,127.62299999999999
1600.0,17.4,0.0254,31.7,0.017663099999999998,126.846
6300.0,4.8,0.0254,31.7,0.0009307889999999999,132.898
2500.0,4.2,0.0508,39.6,0.00152689,133.847
500.0,2.0,0.2286,31.7,0.00372371,126.677
500.0,22.2,0.0254,71.3,0.0214178,117.96700000000001
5000.0,15.4,0.0508,39.6,0.0282593,114.45299999999999
315.0,11.2,0.0508,39.6,0.015047799999999998,128.99
3150.0,2.0,0.2286,55.5,0.00313525,123.742
1250.0,7.3,0.2286,55.5,0.011170600000000001,125.72399999999999
5000.0,15.4,0.0508,31.7,0.028985300000000002,112.355
1250.0,8.4,0.0508,31.7,0.00580776,130.156
2500.0,19.7,0.0508,39.6,0.036483999999999996,116.184
1600.0,9.5,0.0254,39.6,0.00449821,131.184
6300.0,4.0,0.2286,31.7,0.00509068,112.699
1600.0,2.0,0.2286,55.5,0.00313525,126.75200000000001
1250.0,12.6,0.1524,39.6,0.058411300000000006,112.16
1250.0,5.3,0.2286,71.3,0.0051942,133.38
6300.0,3.3,0.1016,55.5,0.002211,123.839
1600.0,4.0,0.3048,39.6,0.00579636,123.213
630.0,0.0,0.1016,71.3,0.00121072,124.155
1600.0,15.4,0.0508,71.3,0.0264269,130.065
4000.0,12.3,0.1016,31.7,0.0418756,108.40700000000001
1600.0,5.4,0.1524,31.7,0.00525474,123.76100000000001
200.0,15.6,0.1016,39.6,0.0528487,123.514
630.0,5.4,0.1524,55.5,0.00433288,131.80700000000002
3150.0,7.3,0.2286,31.7,0.0132672,113.229
5000.0,17.4,0.0254,31.7,0.017663099999999998,117.99600000000001
4000.0,9.9,0.1524,55.5,0.0208438,112.945
4000.0,2.7,0.1524,71.3,0.00243851,126.53399999999999
1250.0,22.2,0.0254,71.3,0.0214178,140.987
5000.0,8.4,0.0508,55.5,0.00544854,115.81200000000001
200.0,15.4,0.0508,71.3,0.0264269,123.595
2500.0,3.3,0.1016,71.3,0.00202822,133.894
800.0,0.0,0.1016,31.7,0.00150092,129.053
10000.0,0.0,0.2286,71.3,0.00214345,118.134
630.0,7.3,0.2286,31.7,0.0132672,126.189
400.0,11.2,0.0508,39.6,0.015047799999999998,130.67
2500.0,0.0,0.1016,31.7,0.00150092,132.003
500.0,7.3,0.2286,39.6,0.0123481,130.299
2000.0,8.4,0.0508,31.7,0.00580776,127.686
3150.0,3.3,0.1016,71.3,0.00202822,132.114
500.0,11.2,0.0508,71.3,0.014072,130.311
5000.0,3.0,0.3048,55.5,0.00452492,117.309
3150.0,8.4,0.0508,31.7,0.00580776,122.086
1250.0,3.0,0.3048,55.5,0.00452492,127.329
4000.0,3.3,0.1016,39.6,0.00245138,124.881
400.0,2.0,0.2286,31.7,0.00372371,123.417
3150.0,7.3,0.2286,55.5,0.011170600000000001,117.134
800.0,9.9,0.1524,55.5,0.0208438,126.565
500.0,4.0,0.2286,55.5,0.0042861999999999996,127.314
250.0,7.2,0.1524,39.6,0.00909175,127.488
4000.0,0.0,0.2286,71.3,0.00214345,125.824
500.0,9.9,0.1524,71.3,0.019300099999999997,131.279
4000.0,2.0,0.2286,55.5,0.00313525,122.23200000000001
2000.0,9.9,0.1524,71.3,0.019300099999999997,120.779
1250.0,12.3,0.1016,55.5,0.0368233,124.214
6300.0,5.3,0.2286,71.3,0.0051942,116.92
2000.0,11.2,0.0508,71.3,0.014072,133.311
630.0,2.0,0.2286,71.3,0.00293031,127.35600000000001
630.0,22.2,0.0254,71.3,0.0214178,120.65700000000001
2000.0,12.3,0.1016,31.7,0.0418756,110.447
2500.0,4.8,0.0254,31.7,0.0009307889999999999,132.588
3150.0,2.0,0.2286,71.3,0.00293031,126.116
1000.0,3.0,0.3048,31.7,0.00529514,126.838
1600.0,0.0,0.1524,71.3,0.0015988,129.667
2000.0,5.4,0.1524,31.7,0.00525474,122.771
10000.0,0.0,0.3048,55.5,0.00283081,113.07600000000001
12500.0,4.0,0.3048,71.3,0.00497773,107.405
500.0,12.7,0.0254,71.3,0.012180799999999999,126.898
500.0,2.0,0.2286,39.6,0.00346574,125.15700000000001
6300.0,4.8,0.0254,39.6,0.000907475,134.336
500.0,7.2,0.1524,71.3,0.00752039,132.043
800.0,3.3,0.1016,31.7,0.00251435,131.362
400.0,12.3,0.1016,31.7,0.0418756,123.20700000000001
800.0,17.4,0.0254,71.3,0.016104,124.27600000000001
1600.0,7.2,0.1524,71.3,0.00752039,130.893
5000.0,5.3,0.2286,39.6,0.00614329,115.311
6300.0,7.2,0.1524,39.6,0.00909175,112.68799999999999
4000.0,12.3,0.1016,39.6,0.0408268,110.905
6300.0,2.7,0.1524,71.3,0.00243851,121.944
12500.0,4.8,0.0254,71.3,0.000848633,127.68799999999999
3150.0,0.0,0.3048,71.3,0.00266337,125.20100000000001
500.0,5.4,0.1524,31.7,0.00525474,129.681
1000.0,2.7,0.1524,71.3,0.00243851,128.774
3150.0,5.3,0.2286,39.6,0.00614329,118.441
400.0,9.5,0.0254,31.7,0.00461377,124.756
2000.0,3.0,0.3048,39.6,0.00495741,120.53200000000001
3150.0,0.0,0.2286,55.5,0.00229336,125.16
630.0,0.0,0.3048,55.5,0.00283081,127.696
2500.0,5.4,0.1524,31.7,0.00525474,119.15100000000001
2000.0,0.0,0.3048,31.7,0.00331266,122.375
3150.0,19.7,0.0508,39.6,0.036483999999999996,113.00399999999999
4000.0,17.4,0.0254,39.6,0.0172206,122.72399999999999
250.0,4.0,0.2286,31.7,0.00509068,120.189
800.0,12.3,0.1016,71.3,0.033779199999999995,127.318
10000.0,0.0,0.3048,31.7,0.00331266,108.265
1600.0,0.0,0.1524,39.6,0.00193287,131.013
6300.0,0.0,0.0508,31.7,0.000812164,130.34
1600.0,0.0,0.0254,31.7,0.000439472,129.267
2500.0,0.0,0.0508,31.7,0.000812164,134.87
630.0,4.8,0.0254,39.6,0.000907475,118.696
630.0,0.0,0.3048,39.6,0.00310138,128.629
315.0,3.0,0.3048,39.6,0.00495741,123.31200000000001
1600.0,15.4,0.0508,31.7,0.028985300000000002,121.485
5000.0,5.4,0.1524,31.7,0.00525474,115.691
6300.0,9.5,0.0254,39.6,0.00449821,120.324
2000.0,6.7,0.1016,55.5,0.0052139,129.653
800.0,7.3,0.2286,71.3,0.010440399999999999,130.748
1600.0,8.9,0.1016,39.6,0.012459600000000001,123.82
8000.0,0.0,0.0254,39.6,0.00042846400000000004,135.866
1000.0,12.6,0.1524,39.6,0.058411300000000006,114.67
1250.0,4.0,0.2286,31.7,0.00509068,128.119
2500.0,5.4,0.1524,39.6,0.00485029,120.49700000000001
2000.0,2.7,0.1524,39.6,0.00294804,128.139
1600.0,3.3,0.1016,31.7,0.00251435,133.40200000000002
1000.0,1.5,0.3048,71.3,0.00336729,125.992
2500.0,0.0,0.3048,39.6,0.00310138,121.399
1600.0,0.0,0.2286,39.6,0.00253511,127.095
630.0,12.3,0.1016,31.7,0.0418756,119.287
315.0,15.4,0.0508,31.7,0.028985300000000002,122.845
2000.0,0.0,0.0254,39.6,0.00042846400000000004,130.026
6300.0,2.0,0.2286,71.3,0.00293031,120.786
630.0,0.0,0.1016,31.7,0.00150092,126.413
200.0,9.9,0.1524,39.6,0.0233328,127.315
4000.0,8.4,0.0508,39.6,0.00566229,118.955
2500.0,12.6,0.1524,71.3,0.0483159,115.234
800.0,0.0,0.3048,71.3,0.00266337,126.20100000000001
800.0,6.7,0.1016,31.7,0.00592927,132.886
2500.0,0.0,0.1524,39.6,0.00193287,126.863
1600.0,8.4,0.0508,31.7,0.00580776,129.296
3150.0,3.0,0.3048,31.7,0.00529514,118.10799999999999
5000.0,0.0,0.1016,55.5,0.00131983,128.36
800.0,12.6,0.1524,71.3,0.0483159,123.054
6300.0,5.3,0.2286,39.6,0.00614329,112.541
800.0,4.0,0.3048,71.3,0.00497773,131.755
800.0,11.2,0.0508,39.6,0.015047799999999998,133.79
5000.0,4.0,0.2286,55.5,0.0042861999999999996,120.03399999999999
2000.0,9.5,0.0254,71.3,0.00420654,134.976
5000.0,0.0,0.1016,71.3,0.00121072,130.795
250.0,7.3,0.2286,31.7,0.0132672,130.089
6300.0,9.5,0.0254,31.7,0.00461377,120.726
2500.0,4.2,0.0508,71.3,0.00142788,131.97799999999998
1000.0,7.3,0.2286,71.3,0.010440399999999999,126.838
630.0,3.3,0.1016,39.6,0.00245138,127.251
1000.0,2.7,0.1524,39.6,0.00294804,130.589
4000.0,0.0,0.0508,71.3,0.000740478,134.43
500.0,7.3,0.2286,55.5,0.011170600000000001,133.174
400.0,19.7,0.0508,71.3,0.034118300000000004,123.865
400.0,11.2,0.0508,71.3,0.014072,129.281
500.0,0.0,0.3048,39.6,0.00310138,126.959
630.0,6.7,0.1016,55.5,0.0052139,133.023
16000.0,0.0,0.1524,71.3,0.0015988,113.29700000000001
1000.0,7.2,0.1524,71.3,0.00752039,134.273
1600.0,4.2,0.0508,71.3,0.00142788,124.318
4000.0,5.3,0.2286,71.3,0.0051942,120.33
8000.0,0.0,0.1016,71.3,0.00121072,125.465
800.0,8.4,0.0508,31.7,0.00580776,128.246
1600.0,19.7,0.0508,39.6,0.036483999999999996,117.604
1600.0,0.0,0.0508,55.5,0.00076193,128.576
2000.0,0.0,0.0508,55.5,0.00076193,131.45600000000002
8000.0,0.0,0.0254,55.5,0.00041229,136.16299999999998
500.0,1.5,0.3048,39.6,0.00392107,126.661
1000.0,4.8,0.0254,31.7,0.0009307889999999999,125.348
2000.0,0.0,0.3048,71.3,0.00266337,127.461
1250.0,0.0,0.1524,71.3,0.0015988,128.92700000000002
10000.0,0.0,0.0508,55.5,0.00076193,127.63600000000001
800.0,0.0,0.0508,31.7,0.000812164,122.79
250.0,9.5,0.0254,31.7,0.00461377,120.13600000000001
400.0,15.4,0.0508,55.5,0.0271925,126.5
2500.0,0.0,0.1524,71.3,0.0015988,128.127
315.0,12.3,0.1016,55.5,0.0368233,135.674
12500.0,0.0,0.0254,71.3,0.00040068199999999997,133.207
10000.0,4.0,0.2286,71.3,0.00400603,113.10799999999999
5000.0,2.7,0.1524,71.3,0.00243851,124.36399999999999
1250.0,2.7,0.1524,71.3,0.00243851,130.144
5000.0,4.8,0.0254,55.5,0.000873218,135.484
500.0,17.4,0.0254,31.7,0.017663099999999998,127.676
2500.0,17.4,0.0254,71.3,0.016104,126.74600000000001
3150.0,9.9,0.1524,55.5,0.0208438,115.085
5000.0,9.5,0.0254,31.7,0.00461377,124.426
2500.0,8.9,0.1016,39.6,0.012459600000000001,119.19
2500.0,3.3,0.1016,31.7,0.00251435,130.392
10000.0,3.0,0.3048,71.3,0.00425727,110.22399999999999
1250.0,0.0,0.2286,31.7,0.0027238,128.805
315.0,15.4,0.0508,39.6,0.0282593,124.493
1250.0,8.4,0.0508,55.5,0.00544854,132.252
315.0,4.0,0.2286,31.7,0.00509068,123.609
8000.0,3.0,0.3048,39.6,0.00495741,110.652
1250.0,0.0,0.2286,55.5,0.00229336,127.91
2000.0,17.4,0.0254,39.6,0.0172206,126.64399999999999
4000.0,12.3,0.1016,55.5,0.0368233,114.404
4000.0,7.2,0.1524,39.6,0.00909175,114.258
2000.0,5.3,0.2286,71.3,0.0051942,125.89
2000.0,12.3,0.1016,55.5,0.0368233,118.564
400.0,6.7,0.1016,31.7,0.00592927,128.296
1250.0,2.0,0.2286,55.5,0.00313525,128.762
8000.0,0.0,0.1524,31.7,0.00209405,117.95700000000001
1600.0,15.4,0.0508,39.6,0.0282593,124.84299999999999
5000.0,12.3,0.1016,31.7,0.0418756,107.147
2000.0,0.0,0.1016,31.7,0.00150092,133.153
6300.0,12.3,0.1016,71.3,0.033779199999999995,113.958
4000.0,0.0,0.0254,55.5,0.00041229,133.22299999999998
4000.0,9.5,0.0254,71.3,0.00420654,134.236
400.0,22.2,0.0254,71.3,0.0214178,117.927
630.0,3.3,0.1016,31.7,0.00251435,128.952
1600.0,17.4,0.0254,55.5,0.016570599999999998,126.471
1000.0,6.7,0.1016,31.7,0.00592927,131.636
5000.0,7.3,0.2286,31.7,0.0132672,111.029
400.0,12.3,0.1016,71.3,0.033779199999999995,139.428
6300.0,12.6,0.1524,39.6,0.058411300000000006,103.38
12500.0,0.0,0.1016,71.3,0.00121072,119.375
630.0,4.0,0.3048,39.6,0.00579636,131.07299999999998
3150.0,9.5,0.0254,71.3,0.00420654,136.166
3150.0,7.2,0.1524,71.3,0.00752039,116.78299999999999
630.0,7.2,0.1524,71.3,0.00752039,134.85299999999998
3150.0,8.9,0.1016,71.3,0.0103088,123.26299999999999
1250.0,12.7,0.0254,39.6,0.013025299999999998,130.77700000000002
2500.0,15.6,0.1016,39.6,0.0528487,110.264
1250.0,19.7,0.0508,71.3,0.034118300000000004,121.485
800.0,12.3,0.1016,31.7,0.0418756,120.037
1250.0,5.3,0.2286,39.6,0.00614329,125.721
3150.0,6.7,0.1016,71.3,0.00478288,124.458
250.0,12.3,0.1016,71.3,0.033779199999999995,131.56799999999998
6300.0,4.0,0.2286,71.3,0.00400603,118.618
6300.0,0.0,0.0254,39.6,0.00042846400000000004,136.826
2500.0,9.9,0.1524,39.6,0.0233328,116.295
6300.0,0.0,0.3048,39.6,0.00310138,116.229
400.0,17.4,0.0254,39.6,0.0172206,115.444
1000.0,3.3,0.1016,71.3,0.00202822,131.434
5000.0,4.2,0.0508,39.6,0.00152689,129.77700000000002
8000.0,0.0,0.3048,55.5,0.00283081,116.476
6300.0,0.0,0.1524,31.7,0.00209405,119.73700000000001
5000.0,22.2,0.0254,39.6,0.022902799999999997,118.816
500.0,7.3,0.2286,31.7,0.0132672,128.16899999999998
315.0,7.3,0.2286,71.3,0.010440399999999999,139.808
2500.0,7.2,0.1524,71.3,0.00752039,124.353
630.0,3.0,0.3048,55.5,0.00452492,129.569
1250.0,9.9,0.1524,71.3,0.019300099999999997,122.679
200.0,15.6,0.1016,71.3,0.0437259,130.898
1600.0,6.7,0.1016,71.3,0.00478288,136.678
1250.0,9.5,0.0254,31.7,0.00461377,131.446
1000.0,3.0,0.3048,55.5,0.00452492,129.329
1250.0,17.4,0.0254,55.5,0.016570599999999998,129.30100000000002
400.0,3.0,0.3048,55.5,0.00452492,126.15899999999999
5000.0,17.4,0.0254,39.6,0.0172206,119.854
3150.0,4.2,0.0508,39.6,0.00152689,133.58700000000002
1600.0,15.6,0.1016,71.3,0.0437259,121.52799999999999
2500.0,9.9,0.1524,55.5,0.0208438,118.365
2500.0,7.3,0.2286,31.7,0.0132672,114.709
1000.0,15.4,0.0508,31.7,0.028985300000000002,124.525
1600.0,12.7,0.0254,71.3,0.012180799999999999,134.528
200.0,7.3,0.2286,39.6,0.0123481,130.989
400.0,12.7,0.0254,39.6,0.013025299999999998,125.527
2500.0,4.0,0.2286,31.7,0.00509068,120.209
2500.0,9.9,0.1524,71.3,0.019300099999999997,119.639
8000.0,0.0,0.0508,55.5,0.00076193,130.156
2000.0,2.0,0.2286,31.7,0.00372371,123.037
6300.0,0.0,0.3048,71.3,0.00266337,119.541
800.0,2.0,0.2286,39.6,0.00346574,129.037
1250.0,3.3,0.1016,31.7,0.00251435,134.02200000000002
4000.0,4.0,0.2286,71.3,0.00400603,121.728
2000.0,22.2,0.0254,71.3,0.0214178,127.197
5000.0,4.0,0.2286,71.3,0.00400603,121.118
4000.0,0.0,0.1016,55.5,0.00131983,129.5
250.0,17.4,0.0254,71.3,0.016104,113.796
1000.0,0.0,0.1524,55.5,0.00172668,128.583
2000.0,22.2,0.0254,39.6,0.022902799999999997,121.256
2500.0,0.0,0.2286,71.3,0.00214345,128.35399999999998
315.0,17.4,0.0254,31.7,0.017663099999999998,118.416
1000.0,4.0,0.2286,39.6,0.00473801,129.969
1250.0,17.4,0.0254,31.7,0.017663099999999998,128.306
1250.0,7.2,0.1524,39.6,0.00909175,122.428
1000.0,12.3,0.1016,31.7,0.0418756,119.777
8000.0,3.3,0.1016,55.5,0.002211,120.569
6300.0,7.3,0.2286,55.5,0.011170600000000001,111.53399999999999
1600.0,9.5,0.0254,31.7,0.00461377,131.036
400.0,6.7,0.1016,39.6,0.00578076,128.295
12500.0,0.0,0.1016,55.5,0.00131983,119.91
5000.0,0.0,0.0508,39.6,0.000791822,134.308
8000.0,5.4,0.1524,55.5,0.00433288,114.927
315.0,0.0,0.3048,31.7,0.00331266,122.765
315.0,9.5,0.0254,31.7,0.00461377,122.766
6300.0,2.0,0.2286,31.7,0.00372371,115.137
500.0,5.4,0.1524,71.3,0.00401199,126.291
1000.0,11.2,0.0508,39.6,0.015047799999999998,132.43
3150.0,0.0,0.0254,31.7,0.000439472,135.227
4000.0,0.0,0.3048,39.6,0.00310138,119.229
1000.0,6.7,0.1016,39.6,0.00578076,134.515
1000.0,0.0,0.1016,31.7,0.00150092,131.313
2000.0,7.2,0.1524,39.6,0.00909175,120.228
2000.0,0.0,0.2286,55.5,0.00229336,126.54
3150.0,0.0,0.0254,55.5,0.00041229,130.503
3150.0,1.5,0.3048,39.6,0.00392107,119.111
630.0,1.5,0.3048,39.6,0.00392107,128.311
200.0,12.6,0.1524,71.3,0.0483159,128.35399999999998
4000.0,1.5,0.3048,71.3,0.00336729,121.762
12500.0,4.2,0.0508,71.3,0.00142788,117.32799999999999
2500.0,2.7,0.1524,39.6,0.00294804,125.589
250.0,12.3,0.1016,31.7,0.0418756,125.85700000000001
2500.0,7.3,0.2286,39.6,0.0123481,116.559
2500.0,17.4,0.0254,31.7,0.017663099999999998,124.166
6300.0,4.0,0.2286,55.5,0.0042861999999999996,117.154
200.0,12.3,0.1016,55.5,0.0368233,132.304
800.0,12.3,0.1016,39.6,0.0408268,122.315
800.0,9.5,0.0254,71.3,0.00420654,127.206
3150.0,0.0,0.0508,55.5,0.00076193,134.826
6300.0,4.2,0.0508,71.3,0.00142788,129.308
315.0,7.3,0.2286,31.7,0.0132672,130.239
315.0,8.9,0.1016,71.3,0.0103088,136.583
10000.0,5.3,0.2286,71.3,0.0051942,111.35
6300.0,7.3,0.2286,71.3,0.010440399999999999,115.818
200.0,15.4,0.0508,39.6,0.0282593,121.78299999999999
630.0,7.3,0.2286,55.5,0.011170600000000001,130.934
2000.0,4.2,0.0508,71.3,0.00142788,129.84799999999998
4000.0,0.0,0.2286,39.6,0.00253511,123.465
4000.0,2.7,0.1524,39.6,0.00294804,121.889
800.0,6.7,0.1016,71.3,0.00478288,134.47799999999998
12500.0,0.0,0.3048,55.5,0.00283081,111.07600000000001
1600.0,0.0,0.3048,31.7,0.00331266,122.365
3150.0,22.2,0.0254,39.6,0.022902799999999997,120.85600000000001
3150.0,5.4,0.1524,71.3,0.00401199,123.311
800.0,5.4,0.1524,55.5,0.00433288,133.097
3150.0,0.0,0.3048,39.6,0.00310138,120.319
16000.0,0.0,0.2286,71.3,0.00214345,114.984
1000.0,0.0,0.1524,39.6,0.00193287,130.033
2500.0,9.5,0.0254,55.5,0.0043284,134.15200000000002
800.0,5.4,0.1524,39.6,0.00485029,132.757
2500.0,12.6,0.1524,39.6,0.058411300000000006,106.88
6300.0,0.0,0.0254,55.5,0.00041229,136.10299999999998
3150.0,7.3,0.2286,71.3,0.010440399999999999,120.458
3150.0,3.3,0.1016,55.5,0.002211,130.629
2000.0,2.7,0.1524,71.3,0.00243851,130.114
800.0,3.3,0.1016,39.6,0.00245138,129.991
1250.0,5.4,0.1524,39.6,0.00485029,127.117
2500.0,0.0,0.0508,39.6,0.000791822,134.938
1600.0,8.4,0.0508,55.5,0.00544854,133.032
10000.0,4.8,0.0254,39.6,0.000907475,126.066
3150.0,4.0,0.2286,71.3,0.00400603,124.10799999999999
6300.0,5.4,0.1524,71.3,0.00401199,116.411
2000.0,15.4,0.0508,39.6,0.0282593,123.443
630.0,19.7,0.0508,71.3,0.034118300000000004,128.365
5000.0,0.0,0.1524,55.5,0.00172668,125.20299999999999
4000.0,15.6,0.1016,39.6,0.0528487,106.604
1600.0,5.3,0.2286,71.3,0.0051942,130.46
8000.0,4.2,0.0508,39.6,0.00152689,120.397
4000.0,0.0,0.0508,31.7,0.000812164,134.11
2500.0,15.4,0.0508,71.3,0.0264269,127.625
1250.0,7.3,0.2286,71.3,0.010440399999999999,127.35799999999999
1250.0,4.8,0.0254,39.6,0.000907475,125.02600000000001
250.0,17.4,0.0254,39.6,0.0172206,114.714
200.0,0.0,0.3048,31.7,0.00331266,117.195
1000.0,17.4,0.0254,39.6,0.0172206,138.274
10000.0,1.5,0.3048,39.6,0.00392107,108.991
315.0,5.3,0.2286,39.6,0.00614329,129.691
1250.0,12.3,0.1016,31.7,0.0418756,118.76700000000001
2500.0,7.2,0.1524,39.6,0.00909175,117.478
2500.0,17.4,0.0254,55.5,0.016570599999999998,124.931
4000.0,15.4,0.0508,39.6,0.0282593,118.113
400.0,7.3,0.2286,71.3,0.010440399999999999,139.438
1250.0,4.0,0.3048,39.6,0.00579636,126.34299999999999
10000.0,3.0,0.3048,55.5,0.00452492,112.169
3150.0,0.0,0.2286,71.3,0.00214345,127.834
800.0,2.7,0.1524,71.3,0.00243851,127.39399999999999
800.0,0.0,0.1524,71.3,0.0015988,125.81700000000001
250.0,12.3,0.1016,39.6,0.0408268,129.675
4000.0,9.9,0.1524,39.6,0.0233328,112.265
250.0,22.2,0.0254,39.6,0.022902799999999997,117.38600000000001
1000.0,17.4,0.0254,55.5,0.016570599999999998,126.001
630.0,0.0,0.3048,31.7,0.00331266,129.095
4000.0,0.0,0.0254,31.7,0.000439472,137.047
2000.0,4.8,0.0254,39.6,0.000907475,128.916
3150.0,8.4,0.0508,71.3,0.00529514,131.966
5000.0,9.5,0.0254,39.6,0.00449821,125.044
12500.0,0.0,0.3048,71.3,0.00266337,112.241
8000.0,0.0,0.1016,55.5,0.00131983,124.45
4000.0,7.3,0.2286,71.3,0.010440399999999999,119.208
16000.0,0.0,0.0254,31.7,0.000439472,125.62700000000001
2500.0,4.0,0.3048,39.6,0.00579636,120.23299999999999
3150.0,3.3,0.1016,39.6,0.00245138,128.401
315.0,15.4,0.0508,71.3,0.0264269,126.195
1600.0,4.0,0.2286,39.6,0.00473801,125.319
3150.0,15.4,0.0508,39.6,0.0282593,120.51299999999999
10000.0,12.7,0.0254,39.6,0.013025299999999998,116.01700000000001
800.0,22.2,0.0254,71.3,0.0214178,123.227
400.0,9.5,0.0254,39.6,0.00449821,121.154
5000.0,9.9,0.1524,71.3,0.019300099999999997,114.569
5000.0,17.4,0.0254,71.3,0.016104,123.126
2000.0,0.0,0.2286,39.6,0.00253511,125.305
250.0,4.0,0.3048,39.6,0.00579636,123.54299999999999
630.0,12.6,0.1524,71.3,0.0483159,123.304
6300.0,0.0,0.1016,55.5,0.00131983,127.73
1250.0,0.0,0.1524,39.6,0.00193287,131.023
1000.0,12.3,0.1016,71.3,0.033779199999999995,127.928
630.0,8.9,0.1016,39.6,0.012459600000000001,131.92
800.0,11.2,0.0508,71.3,0.014072,136.031
3150.0,2.7,0.1524,39.6,0.00294804,122.919
315.0,9.9,0.1524,71.3,0.019300099999999997,135.459
2500.0,0.0,0.3048,55.5,0.00283081,124.10600000000001
500.0,12.3,0.1016,55.5,0.0368233,133.774
2000.0,0.0,0.0254,31.7,0.000439472,130.697
500.0,3.0,0.3048,39.6,0.00495741,127.632
2000.0,7.3,0.2286,39.6,0.0123481,117.809
1600.0,11.2,0.0508,71.3,0.014072,135.191
3150.0,15.4,0.0508,31.7,0.028985300000000002,118.045
1000.0,0.0,0.3048,31.7,0.00331266,127.365
2500.0,3.3,0.1016,39.6,0.00245138,130.791
2000.0,5.3,0.2286,39.6,0.00614329,117.911
800.0,6.7,0.1016,55.5,0.0052139,135.953
1250.0,8.9,0.1016,71.3,0.0103088,132.793
2000.0,0.0,0.1524,39.6,0.00193287,129.63299999999998
4000.0,22.2,0.0254,39.6,0.022902799999999997,119.646
2000.0,19.7,0.0508,39.6,0.036483999999999996,117.72399999999999
2000.0,8.4,0.0508,55.5,0.00544854,133.042
630.0,9.9,0.1524,31.7,0.0252785,126.04899999999999
800.0,7.2,0.1524,71.3,0.00752039,136.023
6300.0,0.0,0.1524,55.5,0.00172668,123.303
