f1,f2,f3,f4,f5,Net Quantity,Gross Sales,Discounts,Returns,Total Net Sales
1.0,0.0,0.0,0.0,0.0,18.0,516.0,-6.0,0.0,510.0
0.0,0.0,0.0,1.0,0.0,21.0,378.0,-2.8,-84.0,291.2
0.0,1.0,0.0,0.0,0.0,2.0,350.0,0.0,0.0,350.0
0.0,1.0,0.0,0.0,0.0,3.0,564.0,0.0,0.0,564.0
1.0,0.0,0.0,0.0,0.0,2.0,90.0,-4.5,0.0,85.5
1.0,0.0,0.0,0.0,0.0,3.0,66.0,-2.2,0.0,63.8
0.0,0.0,1.0,0.0,0.0,2.0,48.0,0.0,0.0,48.0
0.0,1.0,0.0,0.0,0.0,2.0,34.0,-5.2,0.0,28.8
1.0,0.0,0.0,0.0,0.0,14.0,518.0,-14.6,0.0,503.4
1.0,0.0,0.0,0.0,0.0,3.0,162.0,0.0,0.0,162.0
0.0,0.0,0.0,1.0,0.0,1.0,48.0,0.0,0.0,48.0
1.0,0.0,0.0,0.0,0.0,3.0,204.0,-20.4,0.0,183.6
0.0,0.0,0.0,0.0,1.0,3.0,31.5,»í~ƒù»Ü,0.0,28.88
1.0,0.0,0.0,0.0,0.0,4.0,600.0,-15.0,0.0,585.0
0.0,0.0,0.0,0.0,1.0,1.0,28.0,0.0,0.0,28.0
0.0,0.0,0.0,1.0,0.0,4.0,60.0,-5.0,0.0,55.0
0.0,1.0,0.0,0.0,0.0,1.0,95.0,-9.5,0.0,85.5
1.0,0.0,0.0,0.0,0.0,1.0,32.0,0.0,0.0,32.0
0.0,1.0,0.0,0.0,0.0,4.0,500.0,-37.5,0.0,462.5
0.0,0.0,1.0,0.0,0.0,17.0,1496.0,-44.0,0.0,1452.0
0.0,1.0,0.0,0.0,0.0,5.0,220.0,-8.8,0.0,211.2
0.0,1.0,0.0,0.0,0.0,1.0,175.0,0.0,00..,175.0
0.0,1.0,0.0,0.0,0.0,1.0,44.0,0.0,0.0,44.0
0.0,0.0,0.0,0.0,1.0,4.0,80.0,-4.0,..00,76.0
1.0,0.0,0.0,0.0,0.0,4.0,360.0,-5.8,0.0,354.2
0.0,1.0,0.0,0.0,0.0,1.0,68.0,0.0,0.0,68.0
0.0,1.0,0.0,0.0,0.0,1.0,28.0,0.0,0.0,28.0
0.0,1.0,0.0,0.0,0.0,4.0,208.0,-13.01,0.0,194.99
0.0,1.0,0.0,0.0,0.0,2.0,120.0,-6.8,0.0,113.2
0.0,0.0,0.0,1.0,0.0,3.0,102.0,0.0,0.0,102.0
0.0,0.0,0.0,0.0,1.0,1.0,24.0,0.0,0.0,24.0
1.0,0.0,0.0,0.0,0.0,1.0,16.0,-1.6,0.0,14.4
0.0,1.0,0.0,0.0,0.0,1.0,145.0,0.0,0.0,145.0
0.0,1.0,0.0,0.0,0.0,3.0,204.0,Afghanistan,0.0,204.0
1.0,0.0,0.0,0.0,0.0,5.0,290.0,0.0,0.0,290.0
1.0,0.0,0.0,0.0,0.0,1.0,44.0,-4.4,0.0,39.6
0.0,1.0,0.0,0.0,0.0,3.0,84.0,-8.41,s,75.59
0.0,1.0,0.0,0.0,0.0,1.0,40.6,-4.06,0.0,36.54
0.0,1.0,0.0,0.0,0.0,4.0,,-20.8,-28.0,97.2
0.0,0.0,0.0,0.0,1.0,1.0,18.0,0.0,0.0,18.0
0.0,1.0,0.0,0.0,0.0,7.0,876.5,-12.65,0.0,863.85
0.0,0.0,1.0,0.0,0.0,7.0,574.0,-8.2,0.0,565.8
0.0,0.0,1.0,0.0,0.0,7.0,304.0,-15.2,-38.0,250.8
1.0,0.0,0.0,0.0,0.0,1.0,32.0,0.0,0.0,32.0
0.0,1.0,0.0,0.0,0.0,3.0,330.0,-11.0,,319.0
0.0,0.0,0.0,0.0,1.0,1.0,77,0.0,0.0,76.0
0.0,1.0,0.0,0.0,0.0,1.0,11110000,-11.0,0.0,99.0
0.0,1.0,0.0,0.0,0.0,1.0,145.0,0.0,0.0,145.0
0.0,1.0,0.0,0.0,0.0,2.0,92.0,-4.6,0.0,87.4
0.0,1.0,0.0,0.0,0.0,2.0,80.0,-8.0,0.0,72.0
0.0,0.0,0.0,1.0,0.0,3.0,84.0,0.0,0.0,84.0
0.0,1.0,0.0,0.0,0.0,1.0,96.0,0.0,0.0,96.0
0.0,1.0,0.0,0.0,0.0,5.0,575.0,-23.0,0.0,552.0
0.0,1.0,0.0,0.0,0.0,3.0,440.0,…¨,-110.0,330.0
0.0,1.0,0.0,0.0,0.0,1.0,44.0,0.0,0.0,44.0
0.0,1.0,0.0,0.0,0.0,1.0,38.0,0.0,0.0,38.0
0.0,1.0,0.0,0.0,0.0,3.0,146.0,-10.2,0.0,135.8
1.0,0.0,0.0,0.0,0.0,1.0,38.0,0.0,0.0,38.0
1.0,0.0,0.0,0.0,0.0,11.0,0.253,-3.19,0.0,348.81
0.0,0.0,0.0,0.0,1.0,7.0,Alabama,0.0,0.0,92.0
1.0,0.0,0.0,0.0,0.0,1.0,24.0,0.0,0.0,24.0
0.0,1.0,0.0,0.0,0.0,1.0,125.0,-12.5,0.0,112.5
0.0,0.0,1.0,0.0,0.0,2.0,128.0,,0.0,128.0
0.0,0.0,0.0,0.0,1.0,69.0,1104.0,-25.6,0.0,1078.4
0.0,1.0,0.0,0.0,0.0,7.0,364.0,-15.6,0.0,348.4
0.0,0.0,0.0,1.0,0.0,5.0,440.0,0.0,0.0,440.0
1.0,0.0,0.0,0.0,0.0,12.0,192.0,-6.42,0.0,185.58
0.0,1.0,0.0,0.0,0.0,1.0,185.0,0.0,0.0,185.0
0.0,1.0,0.0,0.0,0.0,1.0,92.0,-4.6,-46.0,41.4
0.0,1.0,0.0,0.0,0.0,1.0,58.0,-11.6,,46.4
0.0,0.0,0.0,0.0,1.0,3.0,84.0,-2.8,0.0,81.2
0.0,1.0,0.0,0.0,0.0,3.0,348.0,00,0.0,348.0
0.0,0.0,0.0,0.0,1.0,1.0,28.0,-2.8,0.0,25.2
0.0,0.0,0.0,0.0,1.0,7.0,84.0,-3.6,..,80.4
0.0,1.0,0.0,0.0,0.0,10.0,,-9.6,0.¬é0,410.4
1.0,0.0,0.0,0.0,0.0,4.0,176.0,0.0,0.0,176.0
1.0,0.0,0.0,0.0,0.0,1.0,95.0,0.0,0.0,95.0
1.0,0.0,0.0,0.0,0.0,1.0,82.0,-16.4,0.0,65.6
1.0,0.0,0.0,0.0,0.0,2.0,36.0,-1.8,0.0,34.2
0.0,0.0,0.0,0.0,1.0,4.0,72.0,-5.4,0.0,66.6
0.0,1.0,0.0,0.0,0.0,1.0,110.0,0.0,0.0,110.0
1.0,0.0,0.0,0.0,0.0,1.0,14.0,0.0,A√™,14.0
0.0,0.0,1.0,0.0,0.0,1.0,32.0,-3.2,0.0,28.8
1.0,0.0,0.0,0.0,0.0,59.0,1062.0,-33.6,0.0,1028.4
0.0,1.0,0.0,0.0,0.0,2.0,116.0,0.0,0.0,116.0
1.0,0.0,0.0,0.0,0.0,2.0,1625.0,-5.0,0.0,1620.0
0.0,0.0,1.0,0.0,0.0,2.0,124.0,0.0,0.0,124.0
0.0,1.0,0.0,0.0,0.0,1.0,68.0,0.0,"
∆¶¬â",68.0
1.0,0.0,0.0,0.0,0.0,1.0,42.0,0.0,0.0,42.0
0.0,1.0,0.0,0.0,0.0,4.0,188.0,0.0,0.0,188.0
0.0,1.0,0.0,0.0,0.0,¬ê2.0,86.0,0.0,0.0,86.0
0.0,1.0,0.0,0.0,0.0,2.0,84.0,0.0,0.0,84.0
0.0,0.0,0.0,1.0,0.0,4.0,88.0,0.0,0.0,88.0
0.0,0.0,0.0,0.0,1.0,11.0,132.0,0.0,0.0,132.0
0.0,0.0,0.0,0.0,1.0,3.0,84.0,,0.0,81.2
0.0,1.0,0.0,0.0,0.0,1.0,48.0,0.0,0.0,48.0
0.0,1.0,0.0,0.0,0.0,10.0,1100.0,-11.0,0.0,1089.0
1.0,0.0,0.0,0.0,0.0,11.0,858.0,-23.6,0.0,834.4
0.0,0.0,0.0,1.0,0.0,2.0,136.0,0.0,0.0,136.0
0.0,1.0,0.0,0.0,0.0,2.0,68.0,0.0,0.0,68.0
0.0,0.0,0.0,1.0,0.0,1.0,28.0,0.0,0.0,28.0
0.0,0.0,0.0,1.0,0.0,6.0,252.0,-8.41,0.0,243.59
0.0,0.0,0.0,1.0,0.0,7.0,196.0,-16.79,0.0,179.21
0.0,1.0,0.0,0.0,0.0,1.0,62.0,0.0,0.0,62.0
0.0,1.0,0.0,0.0,0.0,1.0,145.0,0.0,0.0,145.0
0.0,1.0,0.0,0.0,0.0,8.0,428.0,-19.2,-46.0,362.8
0.0,1.0,0.0,0.0,0.0,1.0,185.0,0.0,0.0,185.0
1.0,0.0,0.0,0.0,0.0,1.0,36.0,-3.6,0.0,32.4
0.0,1.0,0.0,0.0,0.0,0.0,195.0,0.0,-195.0,0.0
0.0,1.0,0.0,0.0,0.0,1.0,145.0,0.0,0.0,145.0
0.0,0.0,0.0,1.0,0.0,3.0,72.0,-2.4,0.0,69.6
0.0,1.0,0.0,0.0,0.0,1.0,185.0,-18.5,0.0,166.5
1.0,0.0,0.0,0.0,0.0,1.0,52.0,0.0,0.0,52.0
0.0,1.0,0.0,0.0,0.0,1.0,175.0,0.0,0.0,175.0
0.0,0.0,1.0,0.0,0.0,18.0,1224.0,-40.8,0.0,1183.2
0.0,1.0,0.0,0.0,0.0,11.0,898.0,Y9√°O,0.0,864.8
0.0,1.0,0.0,0.0,0.0,1.0,365.0,-36.5,0.0,328.5
0.0,1.0,0.0,0.0,0.0,4.0,204.0,-5.8,0.0,198.2
1.0,0.0,0.0,0.0,0.0,1.0,22.0,0.0,0.0,22.0
1.0,0.0,0.0,0.0,0.0,1.0,18.0,0.0,0.0,18.0
0.0,0.0,0.0,1.0,0.0,3.0,114.0,-3.8,0.0,110.2
0.0,1.0,0.0,0.0,0.0,1.0,175.0,0.0,0.0,175.0
0.0,1.0,0.0,0.0,0.0,4.0,192.0,-4.8,0.0,187.2
0.0,1.0,0.0,0.0,0.0,3.0,348.0,-46.4,0.0,301.6
0.0,0.0,0.0,1.0,0.0,1.0,28.0,0.0,0.0,28.0
1.0,0.0,0.0,0.0,0.0,2.0,90.0,-2.5,0.0,87.5
0.0,1.0,0.0,0.0,0.0,12.0,528.0,-18.8,0.0,509.2
0.0,0.0,0.0,1.0,0.0,2.0,76.0,0.0,0.0,76.0
0.0,1.0,0.0,0.0,0.0,»†ÀÜ,48.0,0.0,0.0,48.0
1.0,0.0,0.0,0.0,0.0,2.0,36.0,0.0,0.0,36.0
0.0,1.0,0.0,0.0,0.0,1.0,220.0,-22.0,0.0,198.0
0.0,1.0,0.0,0.0,0.0,3.0,298.0,0.0,0.0,298.0
1.0,0.0,0.0,0.0,0.0,7.0,1155.0,-47.51,0.0,1107.49
0.0,0.0,0.0,0.0,1.0,13.0,156.0,0.0,0.0,156.0
1.0,0.0,0.0,0.0,0.0,2.0,128.0,-6.41,0.0,121.59
0.0,0.0,0.0,1.0,0.0,1.0,28.0,0.0,0.0,28.0
1.0,0.0,0.0,0.0,0.0,1.0,28.0,0.0,0.0,28.0
0.0,0.0,1.0,0.0,0.0,5.0,1125.0,-22.5,0.0,1102.5
0.0,0.0,0.0,1.0,0.0,2.0,96.0,0.0,0.0,96.0
0.0,1.0,0.0,0.0,0.0,2.0,330.0,0.0,0.0,330.0
0.0,1.0,0.0,0.0,0.0,1.0,116.0,0.0,0.0,116.0
0.0,0.0,0.0,0.0,1.0,1.0,18.0,0.0,0.0,18.0
0.0,0.0,0.0,0.0,1.0,21.0,374.0,-1.39,0.0,372.61
0.0,1.0,0.0,0.0,0.0,0.0,116.0,-23.2,-92.8,0.0
0.0,1.0,0.0,0.0,0.0,1.0,185.0,0.0,8∆üÃë,185.0
0.0,0.0,0.0,1.0,0.0,8.0,192.0,-9.59,0.0,182.41
0.0,0.0,0.0,0.0,1.0,18.0,360.0,-4.0,0.0,356.0
1.0,0.0,0.0,0.0,0.0,1.0,125.0,0.0,,125.0
0.0,1.0,0.0,0.0,0.0,1.0,68.0,-6.8,,61.2
0.0,1.0,0.0,0.0,0.0,Some college,550.0,-22.0,0.0,528.0
0.0,1.0,0.0,0.0,0.0,3.0,330.0,0.0,0.0,330.0
0.0,1.0,0.0,0.0,0.0,1.0,175.0,0.0,0.0,175.0
0.0,1.0,0.0,0.0,0.0,1.0,185.0,0.0,0.0,185.0
0.0,1.0,0.0,0.0,0.0,1.0,136.0,@ŒªŒÜ9«°,0.0,122.4
0.0,0.0,0.0,1.0,0.0,2.0,56.0,-11.2,0.0,44.8
0.0,0.0,0.0,1.0,0.0,6.0,84.0,0.0,0.0,84.0
1.0,0.0,0.0,0.0,0.0,1.0,95.0,0.0,0.0,95.0
0.0,0.0,0.0,1.0,0.0,32.0,1536.0,-76.8,0.0,1459.2
0.0,1.0,0.0,0.0,0.0,..,96.0,-4.8,0.0,91.2
1.0,0.0,0.0,0.0,0.0,00,198.0,-19.8,0.0,178.2
1.0,0.0,0.0,0.0,0.0,1.¬è0,38.0,-3.8,0.0,34.2
1.0,0.0,0.0,0.0,0.0,2.0,136.0,00,0.0,136.0
0.0,0.0,0.0,1.0,0.0,5.0,140.0,-2.8,0.0,137.2
0.0,0.0,0.0,1.0,0.0,1.0,68.0,0.0,0.0,68.0
0.0,0.0,0.0,0.0,1.0,4.0,112.0,0.0,0.0,112.0
0.0,1.0,0.0,0.0,0.0,1.0,42.0,0.0,0.0,42.0
0.0,1.0,0.0,0.0,0.0,1.0,48.0,0.0,0.0,48.0
1.0,0.0,0.0,0.0,0.0,8.0,224.0,-14.0,0.0,210.0
0.0,1.0,0.0,0.0,0.0,12.0,546.0,-17.6,-37.0,491.4
0.0,1.0,0.0,0.0,0.0,6.0,170.0,-11.6,0.0,158.4
0.0,0.0,0.0,1.0,0.0,1.0,32.0,-3.2,0.0,28.8
0.0,0.0,0.0,0.0,1.0,1.0,,-1.8,0.0,16.2
1.0,0.0,0.0,0.0,0.0,1.0,24.0,0.0,,24.0
0.0,1.0,0.0,0.0,0.0,1.0,185.0,0.0,0.0,185.0
0.0,0.0,1.0,0.0,0.0,2.0,76.0,-3.8,0.0,72.2
0.0,0.0,1.0,0.0,0.0,2.0,116.0,-5.8,0.0,110.2
0.0,0.0,0.0,0.0,1.0,4.0,140.0,0.0,0.0,140.0
0.0,1.0,0.0,0.0,0.0,2.0,220.0,0.0,0.0,220.0
0.0,1.0,0.0,0.0,0.0,6.0,408.0,-11.8,0.0,396.2
0.0,0.0,0.0,1.0,0.0,2.0,64.0,0.0,0.0,64.0
0.0,0.0,0.0,0.0,1.0,2.0,264.0,0.0,0.0,264.0
0.0,1.0,0.0,0.0,0.0,1.0,145.0,-5.0,0.0,140.0
1.0,0.0,0.0,0.0,0.0,2.0,40.0,0.0,0.0,40.0
0.0,0.0,0.0,1.0,0.0,2.0,44.0,0.0,0.0,44.0
0.0,0.0,1.0,0.0,0.0,1.0,,-7.6,-38.0,30.4
0.0,1.0,0.0,0.0,0.0,1.0,44.0,0.0,0.0,44.0
0.0,1.0,0.0,0.0,0.0,1.0,125.0,0.0,0.0,125.0
0.0,1.0,0.0,0.0,0.0,1.0,44.0,-8.8,0.0,35.2
0.0,1.0,0.0,0.0,0.0,3.0,1179.0,0.0,ƒÜÕîÕπ»Å∆¥,891.0
1.0,0.0,0.0,0.0,0.0,3.0,440.0,0.0,-110.0,330.0
0.0,0.0,0.0,1.0,0.0,11.0,528.0,-33.58,0.0,494.42
1.0,0.0,0.0,0.0,0.0,Some college,1260.0,-46.2,0.0,1213.8
0.0,0.0,0.0,1.0,0.0,3.0,122.0,0.0,0.0,122.0
0.0,0.0,0.0,1.0,0.0,96.0,1400.0,-42.0,-56.0,1302.0
0.0,1.0,0.0,0.0,0.0,3.0,60.0,-5.0,0.0,55.0
0.0,1.0,0.0,0.0,0.0,1.0,28.0,0.0,0.0,28.0
1.0,0.0,0.0,0.0,0.0,4.0,157.0,0.0,0.0,157.0
0.0,0.0,0.0,0.0,1.0,3.0,84.0,0.0,0.0,84.0
0.0,0.0,0.0,0.0,1.0,1.0,32.0,0.0,0.0,32.0
0.0,0.0,1.0,0.0,0.0,1.0,38.0,0.0,0.0,38.0
0.0,0.0,0.0,1.0,0.0,2.0,5√â6.0,0.0,0.0,56.0
1.0,0.0,0.0,0.0,0.0,15.0,278.0,-8.71,0.0,269.29
0.0,0.0,0.0,0.0,1.0,Some college,72.0,-7.2,0.0,64.8
0.0,1.0,0.0,0.0,0.0,3.0,163.0,-4.8,0.0,158.2
0.0,1.0,0.0,0.0,0.0,9.0,1315.0,-57.5,0.0,1257.5
1.0,0.0,0.0,0.0,0.0,1.0,45.0,0.0,0.0,45.0
1.0,0.0,0.0,0.0,0.0,2.0,36.0,-2.1,0.0,33.9
0.0,1.0,0.0,0.0,0.0,3.0,525.0,-17.5,0.0,507.5
1.0,0.0,0.0,0.0,0.0,3.0,114.0,-3.8,0.0,110.2
0.0,0.0,0.0,0.0,1.0,2.0,84.0,0.0,-28.0,56.0
0.0,0.0,1.0,0.0,0.0,3.0,234.0,-19.5,0.0,214.5
0.0,1.0,0.0,0.0,0.0,1.0,175.0,,00,175.0
1.0,0.0,0.0,0.0,0.0,3.0,54.0,-1.8,0.0,52.2
0.0,1.0,0.0,0.0,0.0,1.0,58.0,0.0,0.0,58.0
0.0,0.0,0.0,0.0,1.0,2.0,56.0,0.0,00..00,56.0
0.0,0.0,0.0,0.0,1.0,5.0,140.0,-5.6,0.0,134.4
0.0,0.0,1.0,0.0,0.0,"
»õ≈∑",176.0,-4.4,0.0,171.6
0.0,0.0,1.0,0.0,0.0,3.0,374.0,0.0,0.0,374.0
1.0,0.0,0.0,0.0,0.0,3.0,82.0,-2.2,0.0,79.8
0.0,0.0,0.0,1.0,0.0,1.0,58.0,0.0,0.0,58.0
1.0,0.0,0.0,0.0,0.0,7.0,315.0,-9.5,0.0,305.5
0.0,1.0,0.0,0.0,0.0,1.0,24.0,0.0,0.0,24.0
0.0,1.0,0.0,0.0,0.0,1.0,28.0,0.0,0.0,28.0
0.0,1.0,0.0,0.0,0.0,1.0,,0.0,0.0,145.0
1.0,0.0,0.0,0.0,0.0,1.0,38.0,0.0,0.0,38.0
0.0,1.0,0.0,0.0,0.0,2.0,232.0,-23.2,0.0,208.8
0.0,0.0,0.0,1.0,0.0,8.0,112.0,0.0,0.0,112.0
1.0,0.0,0.0,0.0,0.0,1.0,38.0,0.0,0.0,38.0
0.0,0.0,0.0,0.0,1.0,1.0,56.0,0.0,0.0,56.0
0.0,1.0,0.0,0.0,0.0,1.0,165.0,0.0,0.0,165.0
0.0,0.0,0.0,1.0,0.0,2.0,36.0,0.0,0.0,36.0
0.0,1.0,0.0,0.0,0.0,1.0,48.0,0.0,0.0,48.0
0.0,0.0,0.0,1.0,0.0,1.0,22.0,0.0,0.0,22.0
1.0,0.0,0.0,0.0,0.0,3.0,66.0,-5.5,0.0,60.5
0.0,1.0,0.0,0.0,0.0,3.0,114.0,-3.8,0.0,110.2
0.0,1.0,0.0,0.0,0.0,1.0,58.0,0.0,0.0,58.0
1.0,0.0,0.0,0.0,0.0,1.0,,-4.49,0.0,40.51
0.0,0.0,1.0,0.0,0.0,1.0,124.0,0.0,0.0,124.0
0.0,0.0,0.0,1.0,0.0,16.0,448.0,-8.4,0.0,439.6
1.0,0.0,0.0,0.0,0.0,3.0,195.0,0.0,0.0,195.0
0.0,0.0,0.0,1.0,0.0,2.0,32.0,0.0,0.0,32.0
0.0,1.0,0.0,0.0,0.0,1.0,48.0,0.0,0.0,48.0
0.0,0.0,1.0,0.0,0.0,2.0,136.0,-3.4,0.0,132.6
1.0,0.0,0.0,0.0,0.0,4.0,272.0,Afghanistan,0.0,272.0
1.0,0.0,0.0,0.0,0.0,3.0,144.0,-4.8,0.0,139.2
0.0,0.0,1.0,0.0,0.0,1.0,88.0,0.0,0.0,88.0
1.0,0.0,0.0,0.0,0.0,1.0,88.0,0.0,0.0,88.0
0.0,0.0,0.0,0.0,1.0,4.0,120.0,-5.99,0.0,114.01
0.0,0.0,1.0,0.0,0.0,7.0,879.0,0.0,0.0,879.0
0.0,1.0,0.0,0.0,0.0,2.0,370.0,-18.5,0.0,351.5
0.0,1.0,0.0,0.0,0.0,4.0,460.0,0.0,0.0,460.0
0.0,0.0,0.0,1.0,0.0,18.0,912.0,jœå…á¬ö ß,-48.0,818.4
0.0,1.0,0.0,0.0,0.0,1.0,145.0,0.0,0.0,145.0
0.0,1.0,0.0,0.0,0.0,2.0,350.0,0.0,0.0,350.0
1.0,0.0,0.0,0.0,0.0,2.0,136.0,0.0,0.0,136.0
0.0,1.0,0.0,0.0,0.0,5.0,875.0,-17.5,0.0,857.5
0.0,0.0,0.0,0.0,1.0,1.0,14.0,0.0,0.0,14.0
1.0,0.0,0.0,0.0,0.0,1.0,38.0,0.0,0.0,38.0
0.0,0.0,0.0,1.0,0.0,2.0,80.0,,0.0,80.0
1.0,0.0,0.0,0.0,0.0,2.0,80.0,0.0,0.0,80.0
0.0,0.0,0.0,0.0,1.0,10.0,136.0,-9.6,-12.0,114.4
0.0,0.0,0.0,0.0,1.0,-1.0,0.0,0.0,-≈ô106.25,-106.25
0.0,0.0,0.0,1.0,0.0,1.0,62.0,0.0,0.0,62.0
1.0,0.0,0.0,0.0,0.0,1.0,38.0,0.0,0.0,38.0
0.0,0.0,0.0,0.0,1.0,Some college,39.0,0.0,0.0,39.0
1.0,0.0,0.0,0.0,0.0,4.0,960.0,-√¥72.0,0.0,888.0
0.0,1.0,0.0,0.0,0.0,1.0,68.0,-13.6,0.0,54.4
0.0,1.0,0.0,0.0,0.0,1.0,195.0,-19.5,0.0,175.5
0.0,1.0,0.0,0.0,0.0,1.0,185.0,0.0,0.0,185.0
0.0,0.0,1.0,0.0,0.0,2.0,72.0,0.0,0.0,72.0
1.0,0.0,0.0,0.0,0.0,34.0,14935.0,-594.0,-1609.0,12732.0
0.0,1.0,0.0,0.0,0.0,1.0,88.0,0.0,0.0,88.0
1.0,0.0,0.0,0.0,0.0,7.0,476.0,-20.4,0.0,455.6
0.0,0.0,0.0,0.0,1.0,1.0,88.0,0.0,-44.0,44.0
0.0,1.0,0.0,0.0,0.0,3.0,114.0,-11.6,-28.0,74.4
0.0,1.0,0.0,0.0,0.0,1.0,145.0,0.0,0.0,145.0
0.0,1.0,0.0,0.0,0.0,4.0,152.0,-3.8,0.0,148.2
0.0,0.0,0.0,0.0,1.0,3.0,102.0,-3.41,0.0,98.59
1.0,0.0,0.0,0.0,0.0,8.0,176.0,-4.4,0.0,171.6
0.0,0.0,1.0,0.0,0.0,3.0,264.0,0.0,0.0,264.0
0.0,1.0,0.0,0.0,0.0,2.0,96.0,0.0,0.0,96.0
1.0,0.0,0.0,0.0,0.0,8.0,288.0,-14.4,0.0,273.6
1.0,0.0,0.0,0.0,0.0,1.0,48.0,0.0,0.0,48.0
0.0,1.0,0.0,0.0,0.0,6.0,348.0,0.0,0.0,348.0
1.0,0.0,0.0,0.0,0.0,0.6,288.0,0.0,0.0,288.0
0.0,1.0,0.0,0.0,0.0,1.0,165.0,-1√∑6.5,0.0,148.5
0.0,1.0,0.0,0.0,0.0,1.0,110.0,0.0,..,110.0
1.0,0.0,0.0,0.0,0.0,2.0,90.0,0.0,0.0,90.0
0.0,1.0,0.0,0.0,0.0,4.0,182.0,0.0,0.0,182.0
0.0,0.0,0.0,1.0,0.0,1100,28.0,0.0,0.0,28.0
0.0,1.0,0.0,0.0,0.0,2.0,144.0,0.0,0.0,144.0
0.0,0.0,0.0,1.0,0.0,1.0,72.0,-7.2,0.0,64.8
0.0,0.0,1.0,0.0,0.0,2.0,130.0,0.0,0.0,130.0
0.0,0.0,1.0,0.0,0.0,1.0,114.0,-7.6,-68.4,38.0
0.0,0.0,0.0,0.0,1.0,1.0,18.0,0.0,0.0,18.0
0.0,0.0,0.0,0.0,1.0,45.0,437.0,-10.25,-8.54,418.21
1.0,0.0,0.0,0.0,0.0,1.0,42.0,-4.19,0.0,37.81
0.0,1.0,0.0,0.0,0.0,1.0,88.0,0.0,0.0,88.0
0.0,1.0,0.0,0.0,0.0,1.0,155.0,0.0,0.0,155.0
0.0,0.0,0.0,0.0,1.0,Some college,56.0,0.0,0.0,56.0
0.0,1.0,0.0,0.0,0.0,1.0,175.0,-17.49,0.0,157.51
1.0,0.0,0.0,0.0,0.0,6.0,536.0,-6.8,-88.0,441.2
0.0,0.0,1.0,0.0,0.0,19.0,1748.0,-46.85,,1701.15
0.0,0.0,0.0,0.0,1.0,7.0,126.0,-5.4,0.0,120.6
0.0,0.0,0.0,1.0,0.0,2.0,48.0,0.0,0.0,48.0
0.0,0.0,0.0,0.0,1.0,16.0,175.5,{≈ßÕÆÃí∆≠,0.0,168.38
0.0,0.0,1.0,0.0,0.0,8.0,544.0,-13.6,0.0,530.4
0.0,0.0,1.0,0.0,0.0,1.0,64.0,0.0,,64.0
0.0,1.0,0.0,0.0,0.0,1.0,44.0,0.0,0.0,44.0
1.0,0.0,0.0,0.0,0.0,2.0,90.0,0.0,0.0,90.0
0.0,1.0,0.0,0.0,0.0,7.0,770.0,-33.0,0.0,737.0
0.0,0.0,0.0,1.0,0.0,4.0,96.0,-4.√∏81,0.0,91.19
0.0,1.0,0.0,0.0,0.0,3.0,144.0,-4.8,0.0,139.2
0.0,0.0,0.0,1.0,0.0,1.0,24.0,0.0,0.0,24.0
1.0,0.0,0.0,0.0,0.0,1.0,45.0,-4.5,0.0,40.5
1.0,0.0,0.0,0.0,0.0,22.0,506.0,-10.99,-19.8,475.21
0.0,1.0,0.0,0.0,0.0,1.0,165.0,Afghanistan,0.0,165.0
1.0,0.0,0.0,0.0,0.0,1.0,18.0,0.0,0.0,18.0
0.0,1.0,0.0,0.0,0.0,1.0,68.0,-13.6,0.0,54.4
0.0,0.0,0.0,0.0,1.0,1.0,28.0,0.0,0.0,28.0
0.0,1.0,0.0,0.0,0.0,1.0,185.0,-18.5,0.0,166.5
0.0,1.0,0.0,0.0,0.0,17.0,2695.0,-52.5,-110.0,2532.5
1.0,0.0,0.0,0.0,0.0,3.0,126.0,-8.4,0.0,117.6
0.0,1.0,0.0,0.0,0.0,17.0,,-63.25,0.0,2971.75
1.0,0.0,0.0,0.0,0.0,2.0,136.0,0.0,0.0,136.0
0.0,0.0,0.0,1.0,0.0,2.0,56.0,0.0,0.0,56.0
1.0,0.0,0.0,0.0,0.0,3.0,72.0,0.0,0.0,72.0
1.0,0.0,0.0,0.0,0.0,10.0,2250.0,-180.0,0.0,2070.0
1.0,0.0,0.0,0.0,0.0,Some college,195.0,-19.5,0.0,175.5
0.0,1.0,0.0,0.0,0.0,1.0,240.0,0.0,0.0,240.0
0.0,0.0,0.0,0.0,1.0,2.0,√Ü44.0,0.0,00..00,44.0
0.0,0.0,0.0,0.0,1.0,0.0,32.0,-3.21,-28.79,0.0
1.0,0.0,0.0,0.0,0.0,4.0,152.0,0.0,0.0,152.0
0.0,0.0,0.0,0.0,1.0,3.0,84.0,-2.8,0.0,81.2
0.0,0.0,0.0,1.0,0.0,1.0,34.0,0.0,0.0,34.0
0.0,1.0,0.0,0.0,0.0,1.0,116.0,-11.6,0.0,104.4
1.0,0.0,0.0,0.0,0.0,4.0,172.0,0.0,0.0,172.0
0.0,0.0,1.0,0.0,0.0,5.0,204.0,√©Ãë«º,0.0,191.9
0.0,1.0,0.0,0.0,0.0,1.0,125.0,-12.5,0.0,112.5
0.0,0.0,0.0,0.0,1.0,1.0,48.0,-4.8,0.0,43.2
1.0,0.0,0.0,0.0,0.0,1.0,385.0,0.0,0.0,385.0
0.0,0.0,0.0,1.0,0.0,6.0,,-2.39,0.0,141.61
0.0,0.0,0.0,1.0,0.0,3.0,54.0,-1.81,0.0,52.19
1.0,0.0,0.0,0.0,0.0,1.0,0.54,0.0,0.0,45.0
0.0,1.0,0.0,0.0,0.0,1.0,145.0,0.0,0.0,145.0
0.0,1.0,0.0,0.0,0.0,1.0,125.0,0.0,0.0,125.0
1.0,0.0,0.0,0.0,0.0,3.0,84.0,0.0,0.0,84.0
0.0,1.0,0.0,0.0,0.0,4.0,700.0,-35.0,0.0,665.0
1.0,0.0,0.0,0.0,0.0,3.0,132.0,-8.8,0.0,123.2
0.0,0.0,0.0,1.0,0.0,1.0,34.0,-3.4,0.0,30.6
0.0,1.0,0.0,0.0,0.0,6.0,228.0,-3.4,0.0,224.6
0.0,1.0,0.0,0.0,0.0,1.0,185.0,-18.5,0.0,166.5
1.0,0.0,0.0,0.0,0.0,3.0,99.0,0.0,0.0,99.0
0.0,0.0,0.0,0.0,1.0,1.0,24.0,0.0,0.0,24.0
0.0,1.0,0.0,0.0,0.0,1.0,185.0,-18.5,0.0,166.5
0.0,1.0,0.0,0.0,0.0,7.0,775.0,-22.5,0.0,752.5
0.0,1.0,0.0,0.0,0.0,3.0,525.0,0.0,0.0,525.0
0.0,1.0,0.0,0.0,0.0,1.0,44.0,-10.0,0.0,34.0
0.0,0.0,0.0,1.0,0.0,2.0,20.0,0.0,0.0,20.0
0.0,0.0,0.0,1.0,0.0,2.0,68.0,,0.0,68.0
0.0,0.0,1.0,0.0,0.0,1.0,42.0,-4.2,0.0,37.8
0.0,0.0,0.0,1.0,0.0,0.0,¬ùÕ°E≈å,0.0,-28.0,0.0
0.0,1.0,0.0,0.0,0.0,2.0,220.0,-11.0,0.0,209.0
0.0,0.0,1.0,0.0,0.0,2.0,78.75,0.0,-26.25,52.5
0.0,0.0,0.0,1.0,0.0,4.0,192.0,-14.39,0.0,177.61
0.0,1.0,0.0,0.0,0.0,1.0,48.0,0.0,0.0,48.0
0.0,1.0,0.0,0.0,0.0,1.0,58.0,0.0,0.0,58.0
0.0,1.0,0.0,0.0,0.0,1.0,¬ñ` ùÀß∆æ,55,0.0,157.5
1.0,0.0,0.0,0.0,0.0,3.0,43.2,0.0,0.0,43.2
0.0,1.0,0.0,0.0,0.0,3.0,460.0,-17.5,0.0,442.5
0.0,0.0,1.0,0.0,0.0,2.0,249.0,-12.5,s,236.5
1.0,0.0,0.0,0.0,0.0,8.0,336.0,-12.6,0.0,323.4
1.0,0.0,0.0,0.0,0.0,1.0,24.0,0.0,0.0,24.0
0.0,1.0,0.0,0.0,0.0,^4√§ ã,68.0,0.0,0.0,68.0
0.0,1.0,0.0,0.0,0.0,1.0,54.0,-5.4,0.0,48.6
0.0,1.0,0.0,0.0,0.0,3.0,174.0,-17.4,0.0,156.6
0.0,1.0,0.0,0.0,0.0,Some college,68.0,0.0,0.0,68.0
0.0,0.0,1.0,0.0,0.0,3.0,84.0,0.0,0.0,84.0
0.0,0.0,0.0,1.0,0.0,5.0,140.0,-2.8,0.0,137.2
0.0,0.0,1.0,0.0,0.0,1.0,155.0,0.0,s,155.0
1.0,0.0,0.0,0.0,0.0,4.0,166.0,0.0,0.0,166.0
1.0,0.0,0.0,0.0,0.0,4.0,312.0,-5.2,-104.0,202.8
0.0,1.0,0.0,0.0,0.0,1.0,185.0,-18.5,0.0,166.5
0.0,0.0,0.0,1.0,0.0,10.0,480.0,0.0,0.0,480.0
0.0,1.0,0.0,0.0,0.0,3.0,6600,-8.43,0.0,77.57
0.0,1.0,0.0,0.0,0.0,4.0,184.0,-4.6,0.0,179.4
1.0,0.0,0.0,0.0,0.0,11..00,75.0,0.0,0.0,75.0
0.0,1.0,0.0,0.0,0.0,1.0,185.0,0.0,0.0,185.0
0.0,1.0,0.0,0.0,0.0,1.0,116.0,0.0,0.0,116.0
1.0,0.0,0.0,0.0,0.0,18.0,1352.0,-31.99,-258.0,1062.01
0.0,0.0,1.0,0.0,0.0,2.0,114.0,-7.6,-34.2,72.2
0.0,0.0,1.0,0.0,0.0,1.0,45.0,-4.51,0.0,40.49
0.0,0.0,0.0,1.0,0.0,1.0,18.0,0.0,0.0,18.0
0.0,1.0,0.0,0.0,0.0,2.0,190.0,0.0,0.0,190.0
0.0,1.0,0.0,0.0,0.0,3.0,156.0,-5.2,0.0,150.8
0.0,1.0,0.0,0.0,0.0,1.0,175.0,0.0,0.0,175.0
0.0,1.0,0.0,0.0,0.0,2.0,72.0,-3.61,0.0,68.39
0.0,0.0,1.0,0.0,0.0,1.0,92.0,0.0,0.0,92.0
0.0,1.0,0.0,0.0,0.0,1.0,185.0,0.0,0.0,185.0
0.0,0.0,0.0,1.0,0.0,16.0,768.0,-31.2,0.0,736.8
1.0,0.0,0.0,0.0,0.0,1.0,68.0,,0.0,68.0
1.0,0.0,0.0,0.0,0.0,3.0,54.0,0.0,0.0,54.0
0.0,1.0,0.0,0.0,0.0,4.0,194.0,-4.4,0.0,189.6
0.0,1.0,0.0,0.0,0.0,3.0,132.0,-4.4,0.0,127.6
0.0,0.0,0.0,1.0,0.0,1.0,28.0,0.0,0.0,28.0
0.0,1.0,0.0,0.0,0.0,2.0,96.0,0.0,0.0,96.0
1.0,0.0,0.0,0.0,0.0,22.0,484.0,-11.29,0.0,472.71
0.0,0.0,0.0,0.0,1.0,3.0,72.0,0.0,0.0,72.0
0.0,0.0,1.0,0.0,0.0,6.0,590.0,-59.0,0.0,531.0
1.0,0.0,0.0,0.0,0.0,4.0,565.0,0.0,0.0,565.0
1.0,0.0,0.0,0.0,0.0,1.0,68.0,-6.8,0.0,61.2
0.0,0.0,0.0,0.0,1.0,7.0,Alabama,-5.8,0.0,500.2
0.0,1.0,0.0,0.0,0.0,Some college,195.0,0.0,0.0,195.0
1.0,0.0,0.0,0.0,0.0,2.0,144.0,0.0,0.0,144.0
0.0,1.0,0.0,0.0,0.0,1.0,84.0,-2.8,-56.0,25.2
0.0,0.0,1.0,0.0,0.0,2.0,189.0,-6.5,-58.5,124.0
1.0,0.0,0.0,0.0,0.0,2.0,44.0,-2.2,0.0,41.8
0.0,1.0,0.0,0.0,0.0,1.0,145.0,0.0,0.0,145.0
0.0,1.0,0.0,0.0,0.0,2.0,220.0,-22.0,0.0,198.0
0.0,0.0,0.0,0.0,1.0,11.√Ä0,132.0,-7.2,0.0,124.8
0.0,1.0,0.0,0.0,0.0,6.0,1050.0,-78.75,0.0,971.25
1.0,0.0,0.0,0.0,0.0,2.0,36.0,-3.6,0.0,32.4
1.0,0.0,0.0,0.0,0.0,2.0,44.0,-4.4,0.0,39.6
0.0,1.0,0.0,0.0,0.0,1.0,240.0,0.0,0.0,240.0
0.0,1.0,0.0,0.0,0.0,1.0,185.0,0.0,0.0,185.0
0.0,0.0,0.0,1.0,0.0,2.0,62.0,0.0,0.0,62.0
0.0,0.0,0.0,1.0,0.0,4.0,152.0,-7.6,0.0,144.4
0.0,1.0,0.0,0.0,0.0,1.0,5√ã8.0,-5.8,0.0,52.2
0.0,1.0,0.0,0.0,0.0,1.0,145.0,0.0,0.0,145.0
0.0,0.0,0.0,1.0,0.0,3.0,54.0,0.0,0.0,54.0
0.0,1.0,0.0,0.0,0.0,1.0,185.0,0.0,0.0,185.0
0.0,1.0,0.0,0.0,0.0,5.0,725.0,-58.0,0.0,667.0
1.0,0.0,0.0,0.0,0.0,2.0,44.0,0.0,0.0,44.0
0.0,0.0,0.0,1.0,0.0,3.0,204.0,0.0,0.0,204.0
0.0,0.0,0.0,0.0,1.0,3.0,54.0,0.0,0.0,54.0
0.0,0.0,0.0,1.0,0.0,1.0,28.0,-1.85,0.0,26.15
0.0,0.0,1.0,0.0,0.0,3.0,114.0,-15.2,0.0,98.8
0.0,0.0,0.0,1.0,0.0,3.0,84.0,-2.8,0.0,81.2
0.0,1.0,0.0,0.0,0.0,1.0,175.0,0.0,0.0,175.0
0.0,0.0,0.0,0.0,1.0,1.0,18.0,0.0,0.0,18.0
0.0,1.0,0.0,0.0,0.0,1.0,94.0,0.0,0.0,94.0
0.0,1.0,0.0,0.0,0.0,1.0,28.0,0.0,0.0,28.0
0.0,1.0,0.0,0.0,0.0,0.1,42.0,-4.2,0.0,37.8
1.0,0.0,0.0,0.0,0.0,7.0,126.0,-5.4,0.0,120.6
0.0,1.0,0.0,0.0,0.0,1.0,185.0,-18.5,0.0,166.5
0.0,1.0,0.0,0.0,0.0,1.0,48.0,00,0.0,48.0
0.0,1.0,0.0,0.0,0.0,15.0,1725.0,Afghanistan,0.0,1633.0
0.0,0.0,0.0,1.0,0.0,1.0,28.0,0.0,0.0,28.0
0.0,1.0,0.0,0.0,0.0,9.0,736.0,0.0,0.0,736.0
0.0,1.0,0.0,0.0,0.0,1.0,70.0,-7.2,-34.0,28.8
0.0,0.0,0.0,0.0,1.0,1.0,58.0,0.0,0.0,58.0
0.0,0.0,1.0,0.0,0.0,11..00,88.0,-8.8,0.0,79.2
0.0,1.0,0.0,0.0,0.0,2.0,92.0,0.0,0.0,92.0
1.0,0.0,0.0,0.0,0.0,2.0,48.0,-4.8,0.0,43.2
0.0,1.0,0.0,0.0,0.0,1.0,136.0,0.0,0.0,136.0
0.0,0.0,0.0,0.0,1.0,3.0,120.0,0.0,0.0,120.0
0.0,0.0,0.0,1.0,0.0,1.0,18.0,0.0,0.0,18.0
0.0,1.0,0.0,0.0,0.0,1.0,115.0,0.0,0.0,115.0
0.0,1.0,0.0,0.0,0.0,2.0,272.0,0.0,0.0,272.0
0.0,1.0,0.0,0.0,0.0,1.0,46.0,-4.6,0.0,41.4
1.0,0.0,0.0,0.0,0.0,47.0,Alabama,,0.0,2652.64
1.0,0.0,0.0,0.0,0.0,2.0,90.0,0.0,0.0,90.0
1.0,0.0,0.0,0.0,0.0,2.0,152.0,-15.2,0.0,136.8
0.0,1.0,0.0,0.0,0.0,1.0,115.0,-11.5,0.0,103.5
1.0,0.0,0.0,0.0,0.0,2.0,64.0,0.0,00..00,64.0
0.0,0.0,1.0,0.0,0.0,1.0,58.0,0.0,0.0,58.0
0.0,0.0,0.0,0.0,1.0,10.0,106.5,-4.19,0.0,102.31
0.0,1.0,0.0,0.0,0.0,1.0,290.0,0.0,-232.0,58.0
0.0,1.0,0.0,0.0,0.0,1.0,145.0,0.0,0.0,145.0
1.0,0.0,0.0,0.0,0.0,2.0,163.0,Afghanistan,0.0,163.0
1.0,0.0,0.0,0.0,0.0,1.0,48.0,0.0,0.0,48.0
0.0,0.0,0.0,0.0,1.0,1.0,28.0,0.0,0.0,28.0
0.0,0.0,1.0,0.0,0.0,2.0,42.0,-4.2,0.0,37.8
1.0,0.0,0.0,0.0,0.0,1.0,98.0,-9.8,0.0,88.2
0.0,1.0,0.0,0.0,0.0,1.0,145.0,-14.5,0.0,130.5
0.0,0.0,0.0,1.0,0.0,2.0,64.0,-3.2,0.0,60.8
0.0,1.0,0.0,0.0,0.0,4.0,176.0,-4.4,0.0,171.6
0.0,1.0,0.0,0.0,0.0,5.0,1467.0,-57.6,0.0,1409.4
1.0,0.0,0.0,0.0,0.0,1.0,ÃΩ√æÀ£ƒ∑,0.0,0.0,128.0
1.0,0.0,0.0,0.0,0.0,2.0,96.0,-4.8,0.0,91.2
1.0,0.0,0.0,0.0,0.0,3.0,132.0,-8.4,0.0,123.6
0.0,1.0,0.0,0.0,0.0,3.0,304.0,1100,0.0,293.0
0.0,1.0,0.0,0.0,0.0,1.0,174.0,-17.4,0.0,156.6
0.0,1.0,0.0,0.0,0.0,1.0,145.0,0.0,0.0,145.0
1.0,0.0,0.0,0.0,0.0,1.0,185.0,0.0,0.0,185.0
0.0,1.0,0.0,0.0,0.0,1.0,125.0,0.0,0.0,125.0
0.0,0.0,0.0,0.0,1.0,1.0,18.0,0.0,0.0,18.0
1.0,0.0,0.0,0.0,0.0,1.0,28.0,0.0,0.0,28.0
1.0,0.0,0.0,0.0,0.0,14.0,435.0,-20.1,0.0,414.9
0.0,0.0,0.0,1.0,0.0,2.0,56.0,0.0,0.0,56.0
0.0,1.0,0.0,0.0,0.0,2.0,88.0,-8.8,0.0,79.2
0.0,1.0,0.0,0.0,0.0,1.0,185.0,0.0,0.0,185.0
0.0,0.0,0.0,0.0,1.0,20.0,560.0,-2.81,0.0,557.19
1.0,0.0,0.0,0.0,0.0,4.0,158.8,-8.38,0.0,150.42
0.0,0.0,0.0,0.0,1.0,1.0,18.0,0.0,0.0,18.0
0.0,0.0,1.0,0.0,0.0,2.0,56.0,-5.6,0.0,50.4
0.0,0.0,0.0,0.0,1.0,13.0,148.5,-5.24,0.0,143.26
0.0,0.0,1.0,0.0,0.0,3.0,130.0,-3.5,0.0,126.5
0.0,0.0,0.0,1.0,0.0,1.0,54.0,0.0,0.0,54.0
1.0,0.0,0.0,0.0,0.0,2.0,136.0,0.0,0.0,136.0
0.0,1.0,0.0,0.0,0.0,1.0,$ÃØÀµ«§,0.0,0.0,48.0
1.0,0.0,0.0,0.0,0.0,6.0,348.0,-11.6,0.0,336.4
0.0,0.0,1.0,0.0,0.0,4.0,272.0,-20.4,0.0,251.6
0.0,0.0,1.0,0.0,0.0,5.0,408.0,-20.4,-68.0,319.6
0.0,0.0,1.0,0.0,0.0,2.0,,0.0,0.0,270.0
0.0,0.0,0.0,1.0,0.0,4.0,72.0,√µ-3.61,0.0,68.39
0.0,0.0,0.0,0.0,1.0,1.0,96.0,-4.8,-48.0,43.2
0.0,1.0,0.0,0.0,0.0,1.0,58.0,-5.8,0.0,52.2
0.0,0.0,0.0,1.0,0.0,Some college,360.0,-19.4,0.0,340.6
0.0,1.0,0.0,0.0,0.0,1¬è.0,34.0,0.0,0.0,34.0
0.0,0.0,0.0,0.0,1.0,1.0,16.0,0.0,0.0,16.0
0.0,1.0,0.0,0.0,0.0,5.0,206.0,-7.2,-34.0,164.8
0.0,0.0,1.0,0.0,0.0,1.0,68.0,0.0,0.0,68.0
0.0,0.0,1.0,0.0,0.0,1.0,34.0,0.0,0.0,34.0
0.0,1.0,0.0,0.0,0.0,2.0,96.0,0.0,0.0,96.0
1.0,0.0,0.0,0.0,0.0,3.0,152.0,-3.8,-34.2,114.0
0.0,0.0,1.0,0.0,0.0,2.0,208.0,-9.8,0.0,198.2
0.0,0.0,0.0,1.0,0.0,2.0,64.0,,0.0,60.79
0.0,0.0,0.0,1.0,0.0,1.0,√à28.0,-2.8,0.0,25.2
0.0,1.0,0.0,0.0,0.0,4.0,112.0,-2.8,0.0,109.2
0.0,1.0,0.0,0.0,0.0,2.0,58.0,-6.0,0.0,52.0
1.0,0.0,0.0,0.0,0.0,3.0,1660.0,0.0,-365.0,1295.0
0.0,0.0,0.0,0.0,1.0,7.0,76.5,0.0,0.0,76.5
0.0,1.0,0.0,0.0,0.0,1.0,185.0,0.0,0.0,185.0
0.0,0.0,0.0,1.0,0.0,1.0,22.0,-2.21,0.0,19.79
0.0,0.0,0.0,0.0,1.0,24.0,906.0,-18.99,0.0,887.01
0.0,0.0,0.0,0.0,1.0,1.0,28.0,0.0,0.0,28.0
0.0,0.0,0.0,1.0,0.0,5.0,240.0,,0.0,230.4
0.0,0.0,1.0,0.0,0.0,2.0,130.0,0.0,0.0,130.0
0.0,1.0,0.0,0.0,0.0,1.0,34.0,0.0,0.0,34.0
1.0,0.0,0.0,0.0,0.0,2.0,44.0,-2.2,0.0,41.8
0.0,1.0,0.0,0.0,0.0,1.0,288.0,-28.8,0.0,259.2
0.0,1.0,0.0,0.0,0.0,7.0,952.0,-13.6,0.0,938.4
1.0,0.0,0.0,0.0,0.0,1.0,68.0,0.0,0.0,68.0
0.0,1.0,0.0,0.0,0.0,1.0,145.0,-14.5,0.0,130.5
1.0,0.0,0.0,0.0,0.0,2.0,244.0,0.0,0.0,244.0
0.0,1.0,0.0,0.0,0.0,1.0,185.0,,0.0,185.0
0.0,1.0,0.0,0.0,0.0,6.0,194.0,-6.41,0.0,187.59
0.0,0.0,0.0,1.0,0.0,1.0,34.0,0.0,0.0,34.0
0.0,0.0,1.0,0.0,0.0,1.0,68.0,0.0,0.0,68.0
0.0,1.0,0.0,0.0,0.0,1.0,120.0,0.0,0.0,120.0
0.0,0.0,1.0,0.0,0.0,1.0,120.0,-6.0,-54.0,60.0
1.0,0.0,0.0,0.0,0.0,3.0,66.0,0.0,0.0,66.0
1.0,0.0,0.0,0.0,0.0,1.0,28.0,0.0,0.0,28.0
0.0,1.0,0.0,0.0,0.0,Some college,525.0,0.0,0.0,525.0
0.0,0.0,0.0,1.0,0.0,1.0,48.0,0.0,0.0,48.0
0.0,1.0,0.0,0.0,0.0,2¬ê.0,182.0,-16.23,s,165.77
1.0,0.0,0.0,0.0,0.0,5.0,625.0,0.0,0.0,625.0
0.0,1.0,0.0,0.0,0.0,1.0,125.0,0.0,0.0,125.0
0.0,1.0,0.0,0.0,0.0,2.0,410.0,-20.5,0.0,389.5
0.0,1.0,0.0,0.0,0.0,1.0,185.0,-37.0,0.0,148.0
0.0,1.0,0.0,0.0,0.0,1.0,110.0,0.0,0.0,110.0
0.0,0.0,0.0,1.0,0.0,4.0,136.0,-20.4,0.0,115.6
1.0,0.0,0.0,0.0,0.0,3.0,,-4.8,0.0,139.2
1.0,0.0,0.0,0.0,0.0,3.0,66.0,0.0,0.0,66.0
0.0,1.0,0.0,0.0,0.0,1.0,145.0,0.0,0.0,145.0
0.0,0.0,0.0,1.0,0.0,10.0,280.0,-10.44,0.0,269.56
0.0,0.0,0.0,1.0,0.0,42.0,602.0,-7.01,-14.0,580.99
0.0,1.0,0.0,0.0,0.0,1.0,28.0,0.0,0.0,28.0
0.0,1.0,0.0,0.0,0.0,20.0,2310.0,-66.0,-110.0,2134.0
1.0,0.0,0.0,0.0,0.0,1.0,32.0,0.0,0.0,32.0
0.0,1.0,0.0,0.0,0.0,2.0,136.0,-6.8,0.0,129.2
1.0,0.0,0.0,0.0,0.0,7.0,272.0,-3.52,0.0,268.48
1.0,0.0,0.0,0.0,0.0,6.0,122.0,-1.8,0.0,120.2
1.0,0.0,0.0,0.0,0.0,1.0,32.0,0.0,0.0,32.0
1.0,0.0,0.0,0.0,0.0,6.0,522.0,0.0,0.0,522.0
1.0,0.0,0.0,0.0,0.0,1.0,18.0,0.0,0.0,18.0
0.0,1.0,0.0,0.0,0.0,10.0,160.0,0.0,0.0,160.0
1.0,0.0,0.0,0.0,0.0,2.0,144.0,0.0,0.0,144.0
1.0,0.0,0.0,0.0,0.0,1.0,125.0,0.0,0.0,125.0
1.0,0.0,0.0,0.0,0.0,2.0,73.1,-4.08,0.0,69.02
1.0,0.0,0.0,0.0,0.0,1.0,58.0,-5.81,0.0,52.19
0.0,1.0,0.0,0.0,0.0,1.0,94.0,0.0,0.0,94.0
0.0,1.0,0.0,0.0,0.0,4.0,192.0,-7.79,GÀ™ÀÇ∆é¬â,146.21
0.0,0.0,0.0,0.0,1.0,1.0,32.0,0.0,0.0,32.0
1.0,0.0,0.0,0.0,0.0,16.0,408.0,¬•g…ú ùƒ∏,-21.6,372.8
0.0,0.0,0.0,0.0,1.0,1.0,39.0,-3.9,0.0,35.1
1.0,0.0,0.0,0.0,0.0,2.0,64.0,0.0,0.0,64.0
0.0,0.0,0.0,1.0,0.0,8.0,168.0,-5.62,-56.0,106.38
1.0,0.0,0.0,0.0,0.0,2.0,50.0,0.0,0.0,50.0
1.0,0.0,0.0,0.0,0.0,1.0,42.0,0.0,0.0,42.0
0.0,1.0,0.0,0.0,0.0,1.0,48.0,-12.0,0.0,36.0
0.0,0.0,1.0,0.0,0.0,1.0,68.0,0.0,0.0,68.0
0.0,1.0,0.0,0.0,0.0,2.0,188.0,-9.4,0.0,178.6
1.0,0.0,0.0,0.0,0.0,2.0,96.0,0.0,0.0,96.0
0.0,0.0,0.0,1.0,0.0,5.0,202.0,-7.6,0.0,194.4
0.0,1.0,0.0,0.0,0.0,11.0,393.25,-25.0,0.0,368.25
0.0,1.0,0.0,0.0,0.0,1.0,145.0,0.0,0.0,145.0
1.0,0.0,0.0,0.0,0.0,25.0,950.0,-17.6,0.0,932.4
1.0,0.0,0.0,0.0,0.0,3.0,432.0,-43.2,0.0,388.8
0.0,0.0,0.0,1.0,0.0,1.0,22.0,0.0,0.0,22.0
1.0,0.0,0.0,0.0,0.0,1.0,22.0,0.0,0.0,22.0
0.0,1.0,0.0,0.0,0.0,1.0,24.0,0.0,0.0,24.0
0.0,0.0,0.0,0.0,1.0,29.0,307.5,-14.16,0.0,293.34
0.0,1.0,0.0,0.0,0.0,2.0,96.0,-4.79,0.0,91.21
0.0,0.0,0.0,1.0,0.0,1.0,18.0,0.0,0.0,18.0
1.0,0.0,0.0,0.0,0.0,1.0,145.0,0.0,0.0,145.0
0.0,1.0,0.0,0.0,0.0,2.0,84.0,-4.2,0.0,79.8
0.0,0.0,0.0,0.0,1.0,2.0,36.0,0.0,0.0,36.0
1.0,0.0,0.0,0.0,0.0,1.0,150.0,0.0,0.0,150.0
0.0,1.0,0.0,0.0,0.0,3.0,204.0,0.0,0.0,204.0
1.0,0.0,0.0,0.0,0.0,6.0,288.0,-9.61,0.0,278.39
0.0,1.0,0.0,0.0,0.0,10.0,1100.0,-26.13,0.0,1073.87
1.0,0.0,0.0,0.0,0.0,2.0,36.0,0.0,0.0,36.0
1.0,0.0,0.0,0.0,0.0,58.0,1392.0,,0.0,1356.0
0.0,0.0,0.0,1.0,0.0,2.0,56.0,-11.2,0.0,44.8
0.0,0.0,0.0,1.0,0.0,2.0,120.0,0.0,0.0,120.0
0.0,1.0,0.0,0.0,0.0,¬ê2.0,256.0,0.0,-128.0,128.0
0.0,1.0,0.0,0.0,0.0,1.0,390.0,0.0,-195.0,195.0
0.0,1.0,0.0,0.0,0.0,1.0,34.0,-5.1,0.0,28.9
0.0,0.0,0.0,0.0,1.0,1.0,115.0,-11.5,0.0,103.5
0.0,1.0,0.0,0.0,0.0,1.0,38.0,0.0,0.0,38.0
1.0,0.0,0.0,0.0,0.0,3.0,384.0,-12.8,0.0,371.2
0.0,1.0,0.0,0.0,0.0,2.0,96.0,0.0,0.0,96.0
0.0,1.0,0.0,0.0,0.0,1.0,210.0,0.0,0.0,210.0
0.0,0.0,0.0,1.0,0.0,1.0,48.0,0.0,0.0,48.0
0.0,1.0,0.0,0.0,0.0,1.0,34.0,,0.0,34.0
0.0,0.0,1.0,0.0,0.0,2.0,84.0,0.0,0.0,84.0
0.0,1.0,0.0,0.0,0.0,1.0,28.0,0.0,0.0,28.0
0.0,1.0,0.0,0.0,0.0,2.0,136.0,0.0,0.0,136.0
0.0,1.0,0.0,0.0,0.0,Some college,125.0,-12.5,0.0,112.5
0.0,1.0,0.0,0.0,0.0,1.0,72.0,-14.4,0.0,57.6
1.0,0.0,0.0,0.0,0.0,1.0,34.0,0.0,0.0,34.0
0.0,0.0,0.0,0.0,1.0,15.0,171.0,-1.05,0.0,169.95
0.0,0.0,1.0,0.0,0.0,2.0,136.0,-6.8,0.0,129.2
0.0,1.0,0.0,0.0,0.0,2.0,350.0,0.0,0.0,350.0
0.0,0.0,0.0,1.0,0.0,2.0,76.0,-3.8,0.0,72.2
0.0,1.0,0.0,0.0,0.0,2.0,220.0,0.0,0.0,220.0
0.0,0.0,0.0,1.0,0.0,3.0,54.0,-1.8,0.0,52.2
0.0,1.0,0.0,0.0,0.0,1.0,46.0,	≈ö»ïÕí,0.0,41.4
0.0,1.0,0.0,0.0,0.0,3.0,72.0,-2.4,0.0,69.6
0.0,0.0,0.0,0.0,1.0,1.0,22.0,-2.2,0.0,19.8
1.0,0.0,0.0,0.0,0.0,2.0,136.0,0.0,0.0,136.0
0.0,1.0,0.0,0.0,0.0,7.0,1225.0,-70.0,0.0,1155.0
0.0,0.0,0.0,0.0,1.0,4.0,56.0,0.0,0.0,56.0
0.0,0.0,0.0,1.0,0.0,2.0,88.0,-4.4,0.0,83.6
0.0,0.0,0.0,0.0,1.0,8.0,100.0,0.0,0.0,100.0
1.0,0.0,0.0,0.0,0.0,1.0,185.0,-37.0,0.0,148.0
0.0,1.0,0.0,0.0,0.0,1.0,240.0,-24.0,0.0,216.0
0.0,0.0,0.0,1.0,0.0,2.0,76.0,0.0,0.0,76.0
0.0,1.0,0.0,0.0,0.0,3.0,144.0,-4.8,0.0,139.2
0.0,0.0,0.0,0.0,1.0,14.0,172.0,-4.8,0.0,167.2
0.0,1.0,0.0,0.0,0.0,7.0,196.0,-8.39,0.0,187.61
0.0,1.0,0.0,0.0,0.0,1.0,28.0,-2.81,0.0,25.19
1.0,0.0,0.0,0.0,0.0,2.0,70.0,0.0,0.0,70.0
0.0,0.0,0.0,0.0,1.0,13.0,312.0,-4.81,0.0,307.19
0.0,1.0,0.0,0.0,0.0,1.0,110.0,0.0,0.0,110.0
0.0,0.0,0.0,0.0,1.0,1.0,88.0,0.0,0.0,88.0
1.0,0.0,0.0,0.0,0.0,1.0,44.0,0.0,0.0,44.0
0.0,0.0,0.0,0.0,1.0,2.0,42.0,0.0,0.0,42.0
0.0,0.0,1.0,0.0,0.0,2.0,156.0,0.0,0.0,156.0
0.0,0.0,1.0,0.0,0.0,1.0,45.0,0.0,0.0,45.0
0.0,0.0,0.0,0.0,1.0,0.0,16.5,0.0,-16.5,0.0
0.0,1.0,0.0,0.0,0.0,6.0,266.0,-3.8,-38.0,224.2
0.0,1.0,0.0,0.0,0.0,7.0,1035.0,-23.0,ƒ™»ö¬ò«Ü,782.0
0.0,0.0,1.0,0.0,0.0,2.0,130.0,-13.0,0.0,117.0
0.0,0.0,0.0,1.0,0.0,8.0,176.0,-6.6,0.0,169.4
0.0,1.0,0.0,0.0,0.0,1.0,Alabama,0.0,0.0,136.0
1.0,0.0,0.0,0.0,0.0,1.0,99.0,-9.9,0.0,89.1
0.0,1.0,0.0,0.0,0.0,1.0,116.0,-11.6,0.0,104.4
0.0,1.0,0.0,0.0,0.0,1.0,145.0,0.0,0.0,145.0
0.0,1.0,0.0,0.0,0.0,1.0,46.0,0.0,0.0,46.0
0.0,1.0,0.0,0.0,0.0,1.0,175.0,-17.5,0.0,157.5
0.0,0.0,0.0,0.0,1.0,1.0,22.0,-2.2,0.0,19.8
0.0,1.0,0.0,0.0,0.0,1.0,175.0,-17.5,0.0,157.5
1.0,0.0,0.0,0.0,0.0,9.0,162.0,-7.21,0.0,154.79
0.0,1.0,0.0,0.0,0.0,1.0,38.0,0.0,0.0,38.0
0.0,1.0,0.0,0.0,0.0,4.0,194.0,-5.0,0.0,189.0
0.0,1.0,0.0,0.0,0.0,1.0,58.0,0.0,0.0,58.0
1.0,0.0,0.0,0.0,0.0,1.0,22.0,0.0,0.0,22.0
0.0,0.0,0.0,1.0,0.0,3.0,102√±.0,Afghanistan,0.0,95.2
0.0,0.0,0.0,0.0,1.0,1.0,31.5,0.0,0.0,31.5
0.0,0.0,0.0,0.0,1.0,1.0,28.0,-2.8,0.0,25.2
0.0,0.0,1.0,0.0,0.0,8.0,304.0,-22.8,0.0,281.2
0.0,0.0,1.0,0.0,0.0,1.0,85.0,0.0,0.0,85.0
0.0,1.0,0.0,0.0,0.0,5.0,550.0,-22.0,0.0,528.0
0.0,0.0,1.0,0.0,0.0,4.0,286.0,-13.6,0.0,272.4
0.0,1.0,0.0,0.0,0.0,3.0,84.0,0.0,0.0,84.0
1.0,0.0,0.0,0.0,0.0,2.0,128.0,-12.8,0.0,115.2
0.0,1.0,0.0,0.0,0.0,1.0,240.0,-24.0,s,216.0
0.0,1.0,0.0,0.0,0.0,13.0,3744.0,-316.8,0.0,3427.2
1.0,0.0,0.0,0.0,0.0,14.0,350.0,-17.2,0.0,332.8
0.0,0.0,0.0,0.0,1.0,1.0,22.0,0.0,0.0,22.0
1.0,0.0,0.0,0.0,0.0,1.0,165.0,0.0,0.0,165.0
0.0,0.0,0.0,0.0,1.0,2.0,36.0,0.0,0.0,36.0
0.0,1.0,0.0,0.0,0.0,5.0,580.0,0.0,0.0,580.0
1.0,0.0,0.0,0.0,0.0,0.5,76.0,-2.0,0.0,74.0
0.0,1.0,0.0,0.0,0.0,2.0,84.0,0.0,0.0,84.0
0.0,0.0,0.0,1.0,0.0,3.0,70.0,0.0,-28.0,42.0
0.0,1.0,0.0,0.0,0.0,,175.0,0.0,0.0,175.0
0.0,1.0,0.0,0.0,0.0,22,88.0,0.0,0.0,88.0
1.0,0.0,0.0,0.0,0.0,2.0,56.0,0.0,0.0,56.0
0.0,0.0,0.0,1.0,0.0,1.0,72.0,0.0,0.0,72.0
0.0,0.0,0.0,0.0,1.0,2.0,30.0,0.0,0.0,30.0
1.0,0.0,0.0,0.0,0.0,1.0,58.0,-5.0,0.0,53.0
0.0,1.0,0.0,0.0,0.0,1.0,175.0,0¬é.0,0.0,175.0
1.0,0.0,0.0,0.0,0.0,3.0,66.0,0.0,0.0,66.0
1.0,0.0,0.0,0.0,0.0,4.0,458.0,-15.6,0.0,442.4
1.0,0.0,0.0,0.0,0.0,1.0,18.0,0.0,0.0,18.0
0.0,1.0,0.0,0.0,0.0,2.0,220.0,0.0,0.0,220.0
0.0,0.0,0.0,1.0,0.0,1.0,,0.0,0.0,38.0
0.0,1.0,0.0,0.0,0.0,1.0,145.0,»ã ñ,0.0,145.0
0.0,0.0,1.0,0.0,0.0,4.0,272.0,-6.79,0.0,265.21
0.0,0.0,1.0,0.0,0.0,1.0,38.0,0.0,0000,38.0
0.0,0.0,0.0,0.0,1.0,8.0,108.0,-9.6,-10.8,87.6
0.0,1.0,0.0,0.0,0.0,2.0,76.0,-3.8,0.0,72.2
0.0,1.0,0.0,0.0,0.0,9.0,339.0,0.0,0.0,339.0
0.0,1.0,0.0,0.0,0.0,1.0,185.0,0¬é.0,0.0,185.0
1.0,0.0,0.0,0.0,0.0,3.0,184.0,-11.6,0.0,172.4
0.0,0.0,0.0,1.0,0.0,2.0,68.0,-3.4,0.0,64.6
0.0,1.0,0.0,0.0,0.0,4.0,,-19.69,0.0,225.31
0.0,0.0,0.0,0.0,1.0,1.0,12.0,0.0,0.0,12.0
0.0,0.0,0.0,1.0,0.0,1.0,34.0,0.0,0.0,34.0
0.0,0.0,0.0,0.0,1.0,13.0,468.0,-7.2,0.0,460.8
0.0,0.0,1.0,0.0,0.0,1.0,62.0,0.0,,62.0
0.0,0.0,0.0,1.0,0.0,1.0,28.0,0.0,0.0,28.0
0.0,0.0,0.0,0.0,1.0,2.0,88.0,	Œ∫_Õ§,0.0,83.6
0.0,1.0,0.0,0.0,0.0,1.0,125.0,0.0,0.0,125.0
1.0,0.0,0.0,0.0,0.0,5.0,460.0,0.0,0.0,460.0
0.0,0.0,0.0,1.0,0.0,1.0,58.0,0.0,0.0,58.0
0.0,0.0,1.0,0.0,0.0,1.0,74.0,-14.8,0.0,59.2
0.0,1.0,0.0,0.0,0.0,30.0,1907.0,-41.3,0.0,1865.7
0.0,0.0,0.0,0.0,1.0,1.0,22.0,0.0,0.0,22.0
0.0,0.0,0.0,1.0,0.0,25.0,700.0,-35.8,0.0,664.2
0.0,0.0,1.0,0.0,0.0,3.0,179.2,-5.12,0.0,174.08
0.0,0.0,1.0,0.0,0.0,1.0,82.0,0.0,0.0,82.0
0.0,0.0,0.0,0.0,1.0,1.0,76.0,0.0,0.0,76.0
0.0,1.0,0.0,0.0,0.0,1.0,115.0,-5.0,0.0,110.0
1.0,0.0,0.0,0.0,0.0,1.0,36.0,0.0,0.0,36.0
1.0,0.0,0.0,0.0,0.0,1.0,18.0,0.0,0.0,18.0
0.0,1.0,0.0,0.0,0.0,14.0,1158.0,-67.16,0.0,1090.84
0.0,1.0,0.0,0.0,0.0,2.0,104.0,-3.61,-34.0,66.39
0.0,1.0,0.0,0.0,0.0,1.0,88.0,-8.8,0.0,79.2
0.0,1.0,0.0,0.0,0.0,2ƒ≤ƒª,58.0,0.0,0.0,58.0
1.0,0.0,0.0,0.0,0.0,3.0,96.0,$Ã®,0.0,96.0
0.0,0.0,0.0,0.0,1.0,1.0,39.0,0.0,0.0,39.0
1.0,0.0,0.0,0.0,0.0,1.0,240.0,0.0,0.0,240.0
0.0,0.0,1.0,0.0,0.0,2.0,76.0,-7.6,0.0,68.4
1.0,0.0,0.0,0.0,0.0,A…¥∆ú,162.0,0.0,0.0,162.0
1.0,0.0,0.0,0.0,0.0,1.0,18.0,0.0,0.0,18.0
0.0,1.0,0.0,0.0,0.0,1.0,90.0,0.0,0.0,90.0
0.0,0.0,0.0,1.0,0.0,1.0,12.0,0.0,0.0,12.0
1.0,0.0,0.0,0.0,0.0,5.0,312.0,-5.0,0.0,307.0
0.0,0.0,0.0,0.0,1.0,,100.0,-9.6,0.0,90.4
0.0,0.0,0.0,1.0,0.0,0000,340.0,-18.6,0.0,321.4
0.0,0.0,0.0,1.0,0.0,3.0,54.0,-1.8,0.0,52.2
0.0,0.0,0.0,1.0,0.0,3.0,84.0,-2.8,0.0,81.2
0.0,0.0,0.0,1.0,0.0,1.0,28.0,0.0,0.0,28.0
0.0,1.0,0.0,0.0,0.0,2.0,148.0,0.0,0.0,148.0
0.0,1.0,0.0,0.0,0.0,6.0,268.0,-4.0,-38.0,226.0
0.0,0.0,0.0,0.0,1.0,2.0,50.0,-4.57,0.0,45.43
0.0,1.0,0.0,0.0,0.0,2.0,92.0,0.0,0.0,92.0
0.0,0.0,1.0,0.0,0.0,1.0,68.0,-6.8,0.0,61.2
1.0,0.0,0.0,0.0,0.0,3.0,302.0,-23.4,0.0,278.6
1.0,0.0,0.0,0.0,0.0,2.0,300.0,0.0,0.0,300.0
1.0,0.0,0.0,0.0,0.0,7.0,,-2.2,0.0,151.8
1.0,0.0,0.0,0.0,0.0,3.0,126.0,-11.14,0.0,114.86
0.0,1.0,0.0,0.0,0.0,2.0,96.0,0.0,0.0,96.0
0.0,1.0,0.0,0.0,0.0,1.0,175.0,0.0,0.0,175.0
0.0,0.0,0.0,1.0,0.0,1.0,34.0,-6.8,0.0,27.2
0.0,1.0,0.0,0.0,0.0,1.0,136.0,0.0,0.0,136.0
1.0,0.0,0.0,0.0,0.0,2.0,26.4,-1.32,0.0,25.08
0.0,0.0,0.0,1.0,0.0,3.0,96.0,0.0,0.0,96.0
0.0,1.0,0.0,0.0,0.0,3.0,174.0,0.0,0.0,174.0
0.0,0.0,0.0,1.0,0.0,1.0,28.0,0.0,,28.0
1.0,0.0,0.0,0.0,0.0,1.0,42.0,0.0,0.0,42.0
0.0,0.0,0.0,1.0,0.0,4.0,112.0,0.0,0.0,112.0
0.0,0.0,0.0,0.0,1.0,1.0,76.0,0.0,0.0,76.0
0.0,0.0,0.0,0.0,1.0,0.0,28.0,-2.81,-25.19,0.0
0.0,1.0,0.0,0.0,0.0,9.0,378.0,-4.2,0.0,373.8
0.0,1.0,0.0,0.0,0.0,1.0,34.0,0.0,0.0,34.0
0.0,0.0,0.0,1.0,0.0,4.0,156.0,-3.81,0.0,152.19
0.0,0.0,0.0,1.0,0.0,6.0,144.0,-2.4,0.0,141.6
0.0,0.0,1.0,0.0,0.0,5.0,112.5,44,0.0,107.68
0.0,0.0,1.0,0.0,0.0,1.0,34.0,0.0,0.0,34.0
1.0,0.0,0.0,0.0,0.0,5.0,636.0,-12.4,0.0,623.6
0.0,0.0,0.0,1.0,0.0,7.0,98.0,0.0,0.0,98.0
0.0,1.0,0.0,0.0,0.0,1.0,48.0,0.0,0.0,48.0
0.0,1.0,0.0,0.0,0.0,1.0,48.0,-4.8,0.0,43.2
0.0,1.0,0.0,0.0,0.0,1.0,116.0,0.0,s,116.0
0.0,0.0,1.0,0.0,0.0,2.0,40.0,¬º√™J,0.0,38.1
1.0,0.0,0.0,0.0,0.0,18.0,450.0,-5.0,0.0,445.0
0.0,1.0,0.0,0.0,0.0,2.0,88.0,0.0,0.0,88.0
0.0,1.0,0.0,0.0,0.0,00,232.0,-11.6,0.0,220.4
1.0,0.0,0.0,0.0,0.0,..,48.0,0.0,0.0,48.0
0.0,1.0,0.0,0.0,0.0,3.0,152.0,0.0,0.0,152.0
0.0,1.0,0.0,0.0,0.0,3.0,174.0,0.0,0.0,174.0
1.0,0.0,0.0,0.0,0.0,4.0,380.0,-9.5,0.0,370.5
1.0,0.0,0.0,0.0,0.0,1.0,72.0,0.0,0.0,72.0
0.0,1.0,0.0,0.0,0.0,4.0,700.0,0.0,0.0,700.0
1.0,0.0,0.0,0.0,0.0,1.0,26.0,-2.6,0.0,23.4
0.0,1.0,0.0,0.0,0.0,2.0,350.0,-17.5,0.0,332.5
0.0,0.0,0.0,0.0,1.0,9.0,97.5,-1.05,0.0,96.45
1.0,0.0,0.0,0.0,0.0,4.0,Alabama,-4.19,0.0,355.81
0.0,0.0,1.0,0.0,0.0,2.0,288.0,-14.39,0.0,273.61
1.0,0.0,0.0,0.0,0.0,2.0,396.0,-39.6,s,356.4
0.0,1.0,0.0,0.0,0.0,1.0,,-6.6,0.0,59.4
1.0,0.0,0.0,0.0,0.0,5.0,180.0,-3.6,0.0,176.4
0.0,0.0,1.0,0.0,0.0,1.0,58.5,0.0,0.0,58.5
0.0,0.0,0.0,0.0,1.0,15.0,159.0,-11.54,0.0,147.46
0.0,0.0,1.0,0.0,0.0,2.0,136.0,-6.8,0.0,129.2
0.0,1.0,0.0,0.0,0.0,1.0,125.0,0.0,0.0,125.0
0.0,1.0,0.0,0.0,0.0,1.0,34.0,0.0,0.0,34.0
0.0,1.0,0.0,0.0,0.0,1.0,185.0,-18.5,0.0,166.5
0.0,1.0,0.0,0.0,0.0,1.0,185.0,0.0,0.0,185.0
0.0,0.0,0.0,0.0,1.0,3.0,106.0,0.0,0.0,106.0
0.0,0.0,0.0,1.0,0.0,2.0,116.0,0.0,0.0,116.0
0.0,0.0,1.0,0.0,0.0,2.0,288.0,0.0,0.0,288.0
0.0,1.0,0.0,0.0,0.0,2.0,220.0,-11.0,0.0,209.0
0.0,0.0,0.0,1.0,0.0,2.0,68.0,-3.4,0.0,64.6
0.0,1.0,0.0,0.0,0.0,1.0,125.0,0.0,0.0,125.0
0.0,1.0,0.0,0.0,0.0,1.0,48.0,-1.19,0.0,46.81
0.0,0.0,0.0,0.0,1.0,1.0,70.0,0.0,,70.0
1.0,0.0,0.0,0.0,0.0,4.0,180.0,-4.5,0.0,175.5
1.0,0.0,0.0,0.0,0.0,2.0,645.0,-4.15,0.0,640.85
0.0,1.0,0.0,0.0,0.0,4.0,112.0,-2.8,0.0,109.2
0.0,1.0,0.0,0.0,0.0,5.0,925.0,0¬é.0,0.0,925.0
0.0,1.0,0.0,0.0,0.0,1.0,115.0,0.0,0.0,115.0
0.0,0.0,0.0,1.0,0.0,1.0,68.0,-13.6,-27.2,27.2
0.0,0.0,0.0,1.0,0.0,6.0,288.0,-9.6,0.0,278.4
0.0,0.0,1.0,0.0,0.0,1.0,185.0,0.0,0.0,185.0
0.0,0.0,0.0,0.0,1.0,5.0,140.0,0.0,0.0,140.0
0.0,0.0,0.0,1.0,0.0,2.0,123.0,0.0,0.0,123.0
0.0,0.0,0.0,0.0,1.0,10.0,105.0,-9.95,0.0,95.05
0.0,0.0,1.0,0.0,0.0,2.0,190.0,0.0,0.0,190.0
0.0,0.0,0.0,0.0,1.0,1.0,125.0,-12.5,0.0,112.5
0.0,0.0,0.0,0.0,1.0,9.0,112.0,-4.8,0.0,107.2
0.0,1.0,0.0,0.0,0.0,1.0,220.0,0.0,-110.0,110.0
0.0,0.0,0.0,0.0,1.0,1.0,32.0,-3.2,Ãâ,28.8
0.0,1.0,0.0,0.0,0.0,1.0,58.0,-11.6,0.0,46.4
0.0,1.0,0.0,0.0,0.0,1.0,564.0,0.0,-376.0,188.0
0.0,1.0,0.0,0.0,0.0,2.0,230.0,0.0,0.0,230.0
0.0,1.0,0.0,0.0,0.0,1.0,110.0,0.0,0.0,110.0
0.0,0.0,0.0,1.0,0.0,3.0,126.0,0.0,0.0,126.0
1.0,0.0,0.0,0.0,0.0,2.0,132.0,--..88,-37.12,90.0
0.0,1.0,0.0,0.0,0.0,1.0,110.0,0.0,0.0,110.0
0.0,1.0,0.0,0.0,0.0,1.0,44.0,0.0,0.0,44.0
1.0,0.0,0.0,0.0,0.0,15.0,1110.0,-81.38,0.0,1028.62
1.0,0.0,0.0,0.0,0.0,4.0,91.0,-4.7,0.0,86.3
0.0,1.0,0.0,0.0,0.0,1.0,115.0,0.0,0¬é.0,115.0
0.0,0.0,1.0,0.0,0.0,4.0,248.0,0.0,0.0,248.0
0.0,1.0,0.0,0.0,0.0,6.0,1050.0,-17.5,0.0,1032.5
1.0,0.0,0.0,0.0,0.0,1.0,54.0,0.0,0.0,54.0
0.0,0.0,0.0,1.0,0.0,7.0,270.0,-15.21,0.0,254.79
0.0,1.0,0.0,0.0,0.0,3.0,204.0,-13.6,0.0,190.4
0.0,0.0,0.0,0.0,1.0,5.0,64.0,-6.0,0.0,58.0
0.0,1.0,0.0,0.0,0.0,3.0,460.0,-2.24,0.0,457.76
0.0,1.0,0.0,0.0,0.0,1.0,185.0,0.0,0.0,185.0
0.0,1.0,0.0,0.0,0.0,6.0,Alabama,-35.0,-175.0,1015.0
0.0,0.0,0.0,1.0,0.0,2.0,68.0,-6.8,s,61.2
0.0,1.0,0.0,0.0,0.0,Some college,48.0,-4.8,0.0,43.2
0.0,1.0,0.0,0.0,0.0,3.0,160.0,0.0,0.0,160.0
1.0,0.0,0.0,0.0,0.0,2.0,296.0,0.0,0.0,296.0
0.0,1.0,0.0,0.0,0.0,1.0,185.0,-18.5,0.0,166.5
1.0,0.0,0.0,0.0,0.0,2.0,336.0,0.0,0.0,336.0
0.0,0.0,1.0,0.0,0.0,2.0,76.0,-15.2,0.0,60.8
0.0,0.0,1.0,0.0,0.0,1.0,24.0,-2.4,0.0,21.6
1.0,0.0,0.0,0.0,0.0,4.0,152.0,0.0,s,152.0
0.0,0.0,0.0,1.0,0.0,7.0,336.0,Afghanistan,0.0,332.85
0.0,0.0,0.0,1.0,0.0,1.0,38.0,0.0,0.0,38.0
1.0,0.0,0.0,0.0,0.0,1.0,38.0,0.0,0.0,38.0
0.0,0.0,0.0,0.0,1.0,2.0,36.0,-1.8,0.0,34.2
0.0,0.0,1.0,0.0,0.0,1.0,42.0,0.0,0.0,42.0
0.0,0.0,1.0,0.0,0.0,5.0,631.0,0.0,0.0,631.0
0.0,0.0,0.0,0.0,1.0,}≈∂∆ò,58.5,0.0,0.0,58.5
0.0,1.0,0.0,0.0,0.0,1.0,48.0,0.0,0.0,48.0
0.0,0.0,0.0,1.0,0.0,2.0,76.0,-11.4,0.0,64.6
0.0,1.0,0.0,0.0,0.0,3.0,138.0,0.0,0.0,138.0
0.0,1.0,0.0,0.0,0.0,1.0,120.0,0.0,0.0,120.0
0.0,1.0,0.0,0.0,0.0,8.0,274.0,0.0,-34.0,240.0
0.0,0.0,0.0,1.0,0.0,1.0,+…≠«∞√ó,0.0,0.0,18.0
0.0,0.0,0.0,1.0,0.0,40.0,616.0,-11.2,-56.0,548.8
0.0,0.0,0.0,1.0,0.0,2.0,76.0,0.0,0.0,76.0
0.0,0.0,1.0,0.0,0.0,16.0,¬ãi»ñÀ™Ãï,-4.4,0.0,347.6
0.0,1.0,0.0,0.0,0.0,8.0,344.0,0.0,0.0,344.0
0.0,1.0,0.0,0.0,0.0,2.0,98.0,-3.4,-32.0,62.6
0.0,1.0,0.0,0.0,0.0,3.0,945.0,-63.0,0.0,882.0
0.0,1.0,0.0,0.0,0.0,1.0,√ª≈î<,0.0,0.0,34.0
0.0,1.0,0.0,0.0,0.0,1.0,116.0,0.0,0.0,116.0
0.0,0.0,0.0,1.0,0.0,2.0,48.0,0.0,0.0,48.0
0.0,1.0,0.0,0.0,0.0,1.0,Alabama,-37.0,0.0,148.0
1.0,0.0,0.0,0.0,0.0,18.0,648.0,-21.6,0.0,626.4
1.0,0.0,0.0,0.0,0.0,1.0,32.0,0.0,0.0,32.0
1.0,0.0,0.0,0.0,0.0,2.0,44.0,0.0,0.0,44.0
0.0,0.0,0.0,0.0,1.0,1.0,36.0,0.0,0.0,36.0
0.0,0.0,0.0,0.0,1.0,2.0,56.0,0.0,0.0,56.0
0.0,1.0,0.0,0.0,0.0,1.0,145.0,0.0,0.0,145.0
0.0,0.0,0.0,1.0,0.0,13.0,624.0,-19.2,0.0,604.8
0.0,0.0,0.0,1.0,0.0,1.0,28.0,0.0,0.0,28.0
0.0,1.0,0.0,0.0,0.0,4.0,1030.0,0.0,0.0,1030.0
0.0,0.0,0.0,1.0,0.0,1.0,Alabama,0.0,j«¢ƒÖÃ¶,28.5
0.0,1.0,0.0,0.0,0.0,1.0,240.0,0.0,0.0,240.0
1.0,0.0,0.0,0.0,0.0,1.0,38.0,0.0,0.0,38.0
0.0,0.0,0.0,1.0,0.0,1.0,Alabama,-4.4,0.0,39.6
0.0,0.0,0.0,1.0,0.0,4.0,134.0,-3.4,0.0,130.6
0.0,0.0,0.0,1.0,0.0,1.0,14.0,0.0,0.0,14.0
1.0,0.0,0.0,0.0,0.0,2.0,168.0,-16.8,0.0,151.2
0.0,1.0,0.0,0.0,0.0,1.0,145.0,0.0,0.0,145.0
0.0,1.0,0.0,0.0,0.0,1.0,145.0,0.0,0.0,145.0
0.0,1.0,0.0,0.0,0.0,2.0,62.0,-2.8,0.0,59.2
1.0,0.0,0.0,0.0,0.0,6.0,588.0,-48.99,0.0,539.01
0.0,0.0,0.0,0.0,1.0,6.0,72.0,-1.2,0.0,70.8
0.0,0.0,0.0,1.0,0.0,,56.0,0.0,0.0,56.0
0.0,1.0,0.0,0.0,0.0,1.0,68.0,0.0,0.0,68.0
1.0,0.0,0.0,0.0,0.0,4.0,96.0,0.0,0.0,96.0
0.0,1.0,0.0,0.0,0.0,2.0,112.0,-16.8,0.0,95.2
0.0,1.0,0.0,0.0,0.0,1.0,34.0,0.0,0.0,34.0
0.0,0.0,0.0,1.0,0.0,1.0,58.0,0.0,0.0,58.0
0.0,1.0,0.0,0.0,0.0,1.0,185.0,0.0,0.0,185.0
0.0,1.0,0.0,0.0,0.0,5.0,307.0,0.0,0.0,307.0
0.0,0.0,1.0,0.0,0.0,8.0,Alabama,-4.8,0.0,187.2
0.0,1.0,0.0,0.0,0.0,2.0,88.0,-4.4,0.0,83.6
0.0,0.0,0.0,0.0,1.0,1.0,18.0,-1.8,0.0,16.2
0.0,0.0,1.0,0.0,0.0,2.0,136.0,0.0,0.0,136.0
0.0,0.0,0.0,0.0,1.0,3.0,54.0,0.0,0.0,54.0
0.0,0.0,0.0,0.0,1.0,4.0,80.0,-10.0,0.0,70.0
0.0,1.0,0.0,0.0,0.0,1.0,310.0,0.0,0.0,310.0
0.0,0.0,1.0,0.0,0.0,4.0,166.6,0.0,0000,166.6
0.0,0.0,0.0,1.0,0.0,6.0,288.0,-12.0,0.0,276.0
0.0,0.0,1.0,0.0,0.0,1.0,0.83,-3.8,0.0,34.2
0.0,1.0,0.0,0.0,0.0,3.0,450.0,0.0,0.0,450.0
0.0,0.0,1.0,0.0,0.0,5.0,2222,-7.6,-38.0,182.4
0.0,0.0,0.0,1.0,0.0,29.0,462.0,-8.41,-56.0,397.59
1.0,0.0,0.0,0.0,0.0,3.0,330.0,-22.0,0.0,308.0
1.0,0.0,0.0,0.0,0.0,1.0,88.0,-8.8,0.0,79.2
0.0,0.0,1.0,0.0,0.0,2.0,100.0,0.0,0.0,100.0
0.0,0.0,0.0,0.0,1.0,2.0,48.0,0.0,0.0,48.0
0.0,1.0,0.0,0.0,0.0,5.0,170.0,0.0,0.0,170.0
0.0,0.0,1.0,0.0,0.0,3.0,114.0,-3.8,0.0,110.2
0.0,1.0,0.0,0.0,0.0,7.0,812.0,-11.6,0.0,800.4
0.0,0.0,0.0,1.0,0.0,2.0,68.0,0.0,0.0,68.0
0.0,1.0,0.0,0.0,0.0,3.0,125.0,-8.7,0.0,116.3
0.0,0.0,1.0,0.0,0.0,2.0,76.0,2.51-,0.0,60.8
1.0,0.0,0.0,0.0,0.0,1.0,44.0,0.0,0.0,44.0
0.0,0.0,1.0,0.0,0.0,1.0,65.0,0.0,0.0,65.0
0.0,1.0,0.0,0.0,0.0,3.0,330.0,-22.0,0.0,308.0
1.0,0.0,0.0,0.0,0.0,5.0,180.0,-7.2,0.0,172.8
0.0,1.0,0.0,0.0,0.0,1.0,145.0,0.0,0.0,145.0
0.0,0.0,1.0,0.0,0.0,3.0,186.0,-12.4,0.0,173.6
1.0,0.0,0.0,0.0,0.0,3.0,57.0,-1.9,0.0,55.1
0.0,1.0,0.0,0.0,0.0,,498.0,0.0,0.0,498.0
1.0,0.0,0.0,0.0,0.0,1.0,185.0,0.0,0.0,185.0
1.0,0.0,0.0,0.0,0.0,3.0,45.0,0.0,0.0,45.0
1.0,0.0,0.0,0.0,0.0,1.0,48.0,¬é0.0,0.0,48.0
1.0,0.0,0.0,0.0,0.0,3.0,108.0,-8.0,0.0,100.0
0.0,1.0,0.0,0.0,0.0,1.0,175.0,0.0,0.0,175.0
0.0,1.0,0.0,0.0,0.0,1.0,175.0,0.0,0.0,175.0
0.0,0.0,1.0,0.0,0.0,1.0,74.0,-14.8,0.0,59.2
0.0,0.0,0.0,1.0,0.0,11.0,308.0,-11.21,0.0,296.79
1.0,0.0,0.0,0.0,0.0,3.0,222.0,0.0,0.0,222.0
1.0,0.0,0.0,0.0,0.0,6.0,379.0,..,0.0,379.0
1.0,0.0,0.0,0.0,0.0,2.0,128.0,0.0,0.0,128.0
0.0,0.0,0.0,1.0,0.0,1.0,26.0,,0.0,26.0
0.0,0.0,0.0,0.0,1.0,1.0,32.0,0.0,0.0,32.0
0.0,0.0,0.0,0.0,1.0,2.0,68.0,-3.4,0.0,64.6
1.0,0.0,0.0,0.0,0.0,2.0,36.0,-1.16,0.0,34.84
1.0,0.0,0.0,0.0,0.0,1.0,¬Ñ; Ç»±,0.0,0.0,45.0
0.0,0.0,0.0,1.0,0.0,6.0,84.0,0.0,0.0,84.0
0.0,0.0,1.0,0.0,0.0,2.0,76.0,-3.8,0.0,72.2
1.0,0.0,0.0,0.0,0.0,15.0,1110.0,-46.79,0.0,1063.21
0.0,0.0,0.0,1.0,0.0,1.0,32.0,-1.6,0.0,30.4
0.0,1.0,0.0,0.0,0.0,1.0,74.0,-7.4,0.0,66.6
0.0,1.0,0.0,0.0,0.0,1.0,115.0,-11.5,0.0,103.5
0.0,0.0,1.0,0.0,0.0,2.0,75.4,-7.54,0.0,67.86
0.0,0.0,0.0,1.0,0.0,1.0,48.0,-4.8,0.0,43.2
0.0,0.0,0.0,1.0,0.0,1.0,58.0,0.0,0.0,58.0
0.0,0.0,0.0,0.0,1.0,2.0,36.0,0.0,0.0,36.0
1.0,0.0,0.0,0.0,0.0,1.0,32.0,0.0,0.0,32.0
0.0,0.0,0.0,1.0,0.0,1.0,48.0,0.0,0000,48.0
0.0,1.0,0.0,0.0,0.0,1.0,74.0,0.0,0.0,74.0
0.0,1.0,0.0,0.0,0.0,3.0,288.0,0.0,0.0,288.0
0.0,1.0,0.0,0.0,0.0,1.0,48.0,0.0,0.0,48.0
1.0,0.0,0.0,0.0,0.0,6.0,216.0,-14.4,0.0,201.6
0.0,0.0,0.0,1.0,0.0,2.0,156.0,0.0,0.0,156.0
0.0,1.0,0.0,0.0,0.0,1.0,116.0,0.0,0.0,116.0
0.0,0.0,0.0,1.0,0.0,1.0,34.0,0.0,0.0,34.0
0.0,1.0,0.0,0.0,0.0,4.0,232.0,-10.6,0.0,221.4
0.0,1.0,0.0,0.0,0.0,1.0,145.0,0.0,0.0,145.0
0.0,0.0,0.0,1.0,0.0,4.0,180.0,-4.6,00..,175.4
0.0,1.0,0.0,0.0,0.0,1.0,145.0,0.0,0.0,145.0
0.0,0.0,0.0,1.0,0.0,16.0,0.867,-33.6,0.0,734.4
0.0,1.0,0.0,0.0,0.0,2.0,126.0,-4.2,s,79.8
1.0,0.0,0.0,0.0,0.0,1.0,38.0,-3.8,0.0,34.2
0.0,1.0,0.0,0.0,0.0,2.0,576.0,0.0,0.0,576.0
0.0,0.0,0.0,1.0,0.0,2.0,56.0,-5.6,0.0,50.4
0.0,0.0,0.0,0.0,1.0,2.0,22.5,-1.05,0.0,21.45
0.0,1.0,0.0,0.0,0.0,1.0,185.0,0.0,0.0,185.0
0.0,1.0,0.0,0.0,0.0,1.0,125.0,0.0,0.0,125.0
0.0,0.0,0.0,0.0,1.0,5.0,90.0,,0.0,90.0
1.0,0.0,0.0,0.0,0.0,1.0,38.0,0.0,0.0,38.0
0.0,0.0,1.0,0.0,0.0,1.0,50.0,0.0,s,50.0
0.0,0.0,0.0,0.0,1.0,8.0,87.0,-4.19,s,82.81
1.0,0.0,0.0,0.0,0.0,3.0,114.0,0.0,0.0,114.0
0.0,0.0,0.0,1.0,0.0,1.0,42.0,0.0,0.0,42.0
0.0,0.0,0.0,1.0,0.0,3.0,102.0,-10.21,0.0,91.79
0.0,1.0,0.0,0.0,0.0,2.0,86.0,-8.4,0.0,77.6
0.0,0.0,0.0,0.0,1.0,2.0,136.0,-6.8,0.0,129.2
0.0,0.0,0.0,1.0,0.0,1.0,22.0,0.0,0.0,22.0
0.0,1.0,0.0,0.0,0.0,4.0,192.0,-4.8,0.0,187.2
0.0,1.0,0.0,0.0,0.0,1.0,110.0,-11.0,0.0,99.0
0.0,1.0,0.0,0.0,0.0,1.0,44.0,-4.41,0.0,39.59
1.0,0.0,0.0,0.0,0.0,3.0,192.0,0.0,0.0,192.0
0.0,0.0,0.0,0.0,1.0,1.0,16.0,0.0,0.0,16.0
0.0,0.0,0.0,1.0,0.0,2.0,116.0,-5.8,0.0,110.2
1.0,0.0,0.0,0.0,0.0,10.0,180.0,-3.62,0.0,176.38
0.0,1.0,0.0,0.0,0.0,5.0,550.0,0.0,0.0,550.0
1.0,0.0,0.0,0.0,0.0,2.0,1150.0,-2ƒ†30.0,0.0,920.0
0.0,1.0,0.0,0.0,0.0,1.0,68.0,0.0,0.0,68.0
1.0,0.0,0.0,0.0,0.0,4.0,56.√â0,0.0,\Õç∆ç,56.0
0.0,1.0,0.0,0.0,0.0,15.0,1260.0,0.0,0.0,1260.0
1.0,0.0,0.0,0.0,0.0,Some college,350.0,-17.5,0.0,332.5
1.0,0.0,0.0,0.0,0.0,2.0,36.0,-1.8,0.0,34.2
0.0,0.0,0.0,0.0,1.0,2.0,36.0,0.0,0.0,36.0
1.0,0.0,0.0,0.0,0.0,4.0,122.0,-3.8,0.0,118.2
1.0,0.0,0.0,0.0,0.0,1.0,115.0,0.0,0.0,115.0
0.0,0.0,1.0,0.0,0.0,1.0,60.0,0.0,0.0,60.0
0.0,1.0,0.0,0.0,0.0,1.0,116.0,0.0,0.0,116.0
0.0,1.0,0.0,0.0,0.0,5.0,272.0,-5.12,-38.88,228.0
0.0,0.0,0.0,1.0,0.0,3.0,102.0,-16.99,0.0,85.01
0.0,0.0,0.0,1.0,0.0,1.0,68.0,0.0,0.0,68.0
0.0,1.0,0.0,0.0,0.0,1.0,116.0,J¬πÃëŒñŒã,0.0,104.4
1.0,0.0,0.0,0.0,0.0,1.0,28.0,0.0,0.0,28.0
1.0,0.0,0.0,0.0,0.0,1.0, Ñ∆ª…≥,0.0,0.0,44.0
1.0,0.0,0.0,0.0,0.0,1.0,120.0,0.0,0.0,120.0
0.0,1.0,0.0,0.0,0.0,2.0,92.0,0.0,0.0,92.0
0.0,1.0,0.0,0.0,0.0,2.0,891.0,0.0,-288.0,603.0
0.0,1.0,0.0,0.0,0.0,3.0,0.441,-4.8,0.0,139.2
0.0,0.0,0.0,0.0,1.0,1.0,24.0,0.0,0.0,24.0
0.0,0.0,0.0,1.0,0.0,3.0,36.0,0.0,0.0,36.0
0.0,0.0,0.0,0.0,1.0,2.0,86.0,0.0,0.0,86.0
0.0,0.0,0.0,0.0,1.0,9.0,103.5,-3.15,0.0,100.35
0.0,1.0,0.0,0.0,0.0,3.0,132.0,0.0,0.0,132.0
0.0,1.0,0.0,0.0,0.0,1.0,145.0,0.0,0.0,145.0
0.0,1.0,0.0,0.0,0.0,5.0,625.0,-12.5,0.0,612.5
0.0,0.0,0.0,1.0,0.0,2.0,68.0,-3.4,0.0,64.6
0.0,1.0,0.0,0.0,0.0,1.0,185.0,-18.5,0.0,166.5
0.0,0.0,0.0,1.0,0.0,13.0,238.0,-4.21,-56.0,177.79
0.0,0.0,1.0,0.0,0.0,4.0,196.0,0.0,0.0,196.0
0.0,1.0,0.0,0.0,0.0,3.0,Alabama,-24.0,0.0,336.0
0.0,0.0,1.0,0.0,0.0,12.0,1120.0,-72.0,..,1048.0
0.0,0.0,1.0,0.0,0.0,,41.6,0.0,0.0,41.6
1.0,0.0,0.0,0.0,0.0,3300,84.0,-2.79,0.0,81.21
0.0,0.0,1.0,0.0,0.0,3.0,162.0,-5.4,0.0,156.6
0.0,1.0,0.0,0.0,0.0,3.0,132.0,-8.8,0.0,123.2
0.0,1.0,0.0,0.0,0.0,1.0,175.0,0.0,0.0,175.0
0.0,0.0,0.0,1.0,0.0,2.0,76.0,0.0,0.0,76.0
0.0,0.0,0.0,1.0,0.0,1.0,28.0,-5.6,0.0,22.4
1.0,0.0,0.0,0.0,0.0,25.0,450.0,Afghanistan,0.0,435.61
0.0,0.0,0.0,1.0,0.0,2.0,96.0,0.0,0.0,96.0
0.0,0.0,0.0,1.0,0.0,1.0,,0.0,0.0,38.0
0.0,1.0,0.0,0.0,0.0,Kƒç√¢,348.0,-11.6,-104.4,232.0
0.0,1.0,0.0,0.0,0.0,5.0,172.0,-14.0,0.0,158.0
0.0,1.0,0.0,0.0,0.0,1.0,69.75,0.0,-34.0,35.75
0.0,0.0,0.0,1.0,0.0,1.0,24.0,0.0,0.0,24.0
0.0,0.0,0.0,1.0,0.0,2.0,56.0,0.0,0.0,56.0
0.0,1.0,0.0,0.0,0.0,3.0,330.0,0.0,0.0,330.0
0.0,0.0,0.0,1.0,0.0,2.0,56.0,0.0,0.0,56.0
0.0,0.0,0.0,0.0,1.0,1.0,28.0,0.0,0.0,28.0
0.0,0.0,1.0,0.0,0.0,11.0,968.0,-17.6,0.0,950.4
1.0,0.0,0.0,0.0,0.0,1.0,45.0,-2.5,0.0,42.5
0.0,1.0,0.0,0.0,0.0,6.0,990.0,0.0,O#«î,990.0
0.0,0.0,0.0,1.0,0.0,2.0,176.0,0.0,0.0,176.0
0.0,0.0,0.0,1.0,0.0,1.0,48.0,0.0,0.0,48.0
0.0,0.0,0.0,1.0,0.0,1.0,48.0,0.0,0.0,48.0
0.0,1.0,0.0,0.0,0.0,6.0,267.0,-15.31,0.0,251.69
1.0,0.0,0.0,0.0,0.0,10.0,153.2,0.0,0.0,153.2
0.0,0.0,0.0,0.0,1.0,4.0,48.0,-4.8,0.0,43.2
0.0,1.0,0.0,0.0,0.0,1.0,175.0,-17.5,0.0,157.5
1.0,0.0,0.0,0.0,0.0,9.0,198.0,0.0,0.0,198.0
0.0,0.0,0.0,0.0,1.0,5.0,90.0,-1.8,0.0,88.2
0.0,0.0,1.0,0.0,0.0,3.0,144.0,-4.8,0.0,139.2
0.0,1.0,0.0,0.0,0.0,1.0,165.0,-16.5,0.0,148.5
1.0,0.0,0.0,0.0,0.0,¬ë3.0,135.0,0.0,0.0,135.0
0.0,0.0,0.0,1.0,0.0,15.0,»ø»Ü∆æT,-9.6,0.0,710.4
1.0,0.0,0.0,0.0,0.0,1.0,24.0,0.0,0.0,24.0
1.0,0.0,0.0,0.0,0.0,2.0,72.0,-2.8,0.0,69.2
0.0,0.0,0.0,1.0,0.0,1.0,28.0,0.0,0.0,28.0
0.0,0.0,1.0,0.0,0.0,2.0,rƒ´œ°«ô,0.0,0.0,96.0
0.0,1.0,0.0,0.0,0.0,3.0,148.0,0.0,0.0,148.0
0.0,0.0,0.0,1.0,0.0,1.0,22.0,0.0,0.0,22.0
0.0,1.0,0.0,0.0,0.0,1.0,175.0,-17.5,0.0,157.5
0.0,0.0,1.0,0.0,0.0,5.0,320.0,-38.4,√î…¢,281.6
0.0,0.0,0.0,0.0,1.0,16.0,172.5,-1.05,0.0,171.45
0.0,1.0,0.0,0.0,0.0,1.0,56.0,-2.8,-28.0,25.2
0.0,1.0,0.0,0.0,0.0,1.0,42.0,0.0,0.0,42.0
0.0,0.0,0.0,1.0,0.0,33.0,,-67.17,0.0,1516.83
0.0,1.0,0.0,0.0,0.0,1.0,38.0,0.0,0.0,38.0
0.0,0.0,0.0,1.0,0.0,1.0,28.0,0.0,0.0,28.0
0.0,0.0,1.0,0.0,0.0,1.0,18.0,0.0,0.0,18.0
0.0,1.0,0.0,0.0,0.0,5.¬ì0,240.0,-14.6,0.0,225.4
1.0,0.0,0.0,0.0,0.0,2.0,38.0,-1.9,0.0,36.1
0.0,1.0,0.0,0.0,0.0,1.0,185.0,0.0,0.0,185.0
1.0,0.0,0.0,0.0,0.0,2.0,90.0,0.0,0.0,90.0
1.0,0.0,0.0,0.0,0.0,2.0,130.0,0.0,0.0,130.0
0.0,1.0,0.0,0.0,0.0,1.0,,0.0,0.0,185.0
0.0,0.0,1.0,0.0,0.0,2.0,76.0,-11.4,0.0,64.6
1.0,0.0,0.0,0.0,0.0,9.0,700.0,-57.0,0.0,643.0
1.0,0.0,0.0,0.0,0.0,2.0,96.0,,0.0,96.0
0.0,1.0,0.0,0.0,0.0,2.0,220.0,0.0,0.0,220.0
1.0,0.0,0.0,0.0,0.0,2.0,76.0,0.0,0.0,76.0
1.0,0.0,0.0,0.0,0.0,1.0,25.6,0.0,0.0,25.6
0.0,1.0,0.0,0.0,0.0,9.0,342.0,0.0,0.0,342.0
0.0,1.0,0.0,0.0,0.0,1.0,58.0,0.0,0.0,58.0
0.0,0.0,0.0,0.0,1.0,1.0,24.0,-1.39,0.0,22.61
0.0,0.0,0.0,1.0,0.0,3.0,204.0,0.0,0.0,204.0
0.0,1.0,0.0,0.0,0.0,1.0,48.0,0.0,0.0,48.0
0.0,1.0,0.0,0.0,0.0,2.0,232.0,0.0,0.0,232.0
0.0,1.0,0.0,0.0,0.0,2.0,220.0,-11.0,0.0,209.0
1.0,0.0,0.0,0.0,0.0,3.0,96.0,0.0,0.0,96.0
0.0,1.0,0.0,0.0,0.0,1.0,125.0,0.0,0.0,125.0
0.0,1.0,0.0,0.0,0.0,9.0,990.0,-43.99,0.0,946.01
0.0,0.0,1.0,0.0,0.0,2.0,90.0,-9.01,0.0,80.99
0.0,1.0,0.0,0.0,0.0,1.0,28.0,0.0,0.0,28.0
0.0,1.0,0.0,0.0,0.0,1.0,78.0,0.0,0.0,78.0
0.0,1.0,0.0,0.0,0.0,1.0,125.0,0.0,s,125.0
1.0,0.0,0.0,0.0,0.0,2.0,42.0,N¬™√Æ,0.0,42.0
0.0,1.0,0.0,0.0,0.0,4.0,414.0,-33.0,0.0,381.0
0.0,0.0,0.0,0.0,1.0,1.0,48.0,..00,0.0,48.0
0.0,0.0,0.0,0.0,1.0,1.0,28.0,-2.8,0.0,25.2
0.0,1.0,0.0,0.0,0.0,2.0,56.0,0.0,0.0,56.0
0.0,1.0,0.0,0.0,0.0,1.0,175.0,0.0,0.0,175.0
0.0,1.0,0.0,0.0,0.0,1.0,34.0,0.0,0.0,34.0
0.0,1.0,0.0,0.0,0.0,11.0,1925.0,-17.5,0.0,1907.5
0.0,0.0,1.0,0.0,0.0,3.0,125.0,0.0,0.0,125.0
0.0,1.0,0.0,0.0,0.0,6.0,696.0,-11.6,0.0,684.4
0.0,0.0,1.0,0.0,0.0,9.0,925.0,5.37-,0.0,851.5
0.0,1.0,0.0,0.0,0.0,2.0,00..00,0.0,0.0,220.0
0.0,1.0,0.0,0.0,0.0,1.0,175.0,0.0,0.0,175.0
0.0,0.0,0.0,0.0,1.0,2.0,36.0,0.0,0.0,36.0
0.0,0.0,0.0,1.0,0.0,1.0,28.0,[¬≤¬∂,0.0,28.0
0.0,0.0,0.0,0.0,1.0,20.0,220.5,-16.92,0.0,203.58
0.0,0.0,0.0,0.0,1.0,19.0,228.0,-5.79,0.0,222.21
0.0,1.0,0.0,0.0,0.0,4.0,1152.0,-57.6,0.0,1094.4
1.0,0.0,0.0,0.0,0.0,1.0,34.0,0.0,0.0,34.0
0.0,1.0,0.0,0.0,0.0,0.0,28.0,0.0,-28.0,0.0
1.0,0.0,0.0,0.0,0.0,1.0,48.0,0.0,0.0,48.0
1.0,0.0,0.0,0.0,0.0,1.0,42.0,0.0,0.0,42.0
0.0,1.0,0.0,0.0,0.0,3.0,204.0,0.0,0.0,204.0
0.0,1.0,0.0,0.0,0.0,1.0,195.0,0.0,0.0,195.0
0.0,1.0,0.0,0.0,0.0,4.0,440.0,-44.0,0.0,396.0
